;car_brand;car_model;car_price;car_city;car_fuel;car_transmission;car_drive;car_mileage;car_country;car_engine_capacity;car_engine_hp;car_age
0;Ford;Focus    ;550000;Astrakhan;gasoline;manual;FWD;300000;USA;1.8;125;14
1;Mercedes-Benz;GLA-Class    ;1820000;Astrakhan;gasoline;robot;FWD;88000;DE;1.6;156;10
2;Haval;F7    ;2600000;Astrakhan;gasoline;robot;4WD;19000;CN;1.5;150;2
3;Toyota;Camry    ;4200000;Astrakhan;gasoline;automatic;FWD;30000;JP;3.5;249;2
4;OMODA;C5    ;2125000;Astrakhan;gasoline;CVT;FWD;18824;CN;1.5;147;2
5;Mercedes-Benz;E-Class    ;3779999;Astrakhan;gasoline;automatic;4WD;125000;DE;2.0;184;6
6;Toyota;RAV4    ;2539000;Astrakhan;gasoline;CVT;FWD;68023;JP;2.0;146;9
7;Ford;Focus    ;555000;Astrakhan;gasoline;manual;FWD;261000;USA;1.8;125;18
8;Honda;Civic    ;455000;Astrakhan;gasoline;automatic;FWD;250000;JP;1.5;105;22
9;Kia;Rio X (X-Line)  ;1950000;Astrakhan;gasoline;automatic;FWD;40000;KR;1.6;123;5
10;Hyundai;Tucson    ;3490000;Astrakhan;diesel;automatic;4WD;8300;KR;2.0;186;3
11;Hyundai;Trajet    ;830000;Astrakhan;gasoline;automatic;FWD;299000;KR;2.0;140;19
12;Toyota;Corolla    ;1455000;Astrakhan;gasoline;CVT;FWD;143702;JP;1.6;122;10
13;Renault;Duster    ;1595000;Astrakhan;gasoline;manual;4WD;112067;FR;2.0;143;6
14;Kia;Ceed    ;1315000;Astrakhan;gasoline;manual;FWD;147166;KR;1.6;130;11
15;Opel;Astra GTC   ;980000;Astrakhan;gasoline;manual;FWD;225000;DE;1.6;180;12
16;Kia;Soul    ;1800000;Astrakhan;gasoline;automatic;FWD;113901;KR;1.6;131;8
17;Great;Wall Hover H5  ;590000;Astrakhan;diesel;manual;4WD;121000;CN;2.0;143;11
18;Toyota;Auris    ;1100000;Astrakhan;gasoline;automatic;FWD;220000;JP;1.6;124;13
19;Infiniti;QX70    ;3650000;Astrakhan;gasoline;automatic;4WD;68888;JP;3.7;333;9
20;Audi;A6    ;4000000;Astrakhan;hybrid;robot;FWD;99000;DE;2.0;204;5
21;Volkswagen;Polo    ;1200000;Astrakhan;gasoline;manual;FWD;79000;DE;1.6;90;4
22;Hyundai;ix35    ;1249900;Astrakhan;gasoline;automatic;4WD;195000;KR;2.0;150;13
23;Toyota;RAV4    ;1950000;Astrakhan;gasoline;manual;FWD;98501;JP;2.0;146;10
24;Hyundai;Elantra    ;1960000;Astrakhan;gasoline;automatic;FWD;75000;KR;1.6;128;4
25;GAZ;21 Volga   ;490000;Astrakhan;gasoline;manual;RWD;59000;RUS;2.4;75;60
26;Toyota;Corolla    ;2700000;Astrakhan;gasoline;automatic;FWD;61;JP;1.2;116;2
27;GAZ;21 Volga   ;470000;Yekaterinburg;gasoline;manual;RWD;9300;RUS;2.4;75;59
28;Mercedes-Benz;E-Class    ;430000;Astrakhan;gasoline;automatic;RWD;44378;DE;3.2;224;26
29;Kia;Rio X (X-Line)  ;1699000;Astrakhan;gasoline;automatic;FWD;80000;KR;1.6;123;6
30;GAZ;21 Volga   ;400000;Irkutsk;gasoline;manual;RWD;100000;RUS;2.4;75;57
31;GAZ;21 Volga   ;700000;Krasnoyarsk;gasoline;manual;RWD;79489;RUS;2.4;70;65
32;GAZ;21 Volga   ;2499000;Rostov-on-Don;gasoline;manual;RWD;1000;RUS;2.4;75;60
33;Peugeot;308;530000;Astrakhan;gasoline;manual;FWD;150600;FR;1.6;120;14
34;GAZ;21 Volga   ;150000;Samara;gasoline;manual;RWD;90000;RUS;2.4;75;56
35;GAZ;21 Volga   ;600000;Samara;gasoline;manual;RWD;68663;RUS;2.4;75;60
36;Toyota;RAV4    ;1380008;Astrakhan;gasoline;automatic;4WD;220000;JP;2.0;152;18
37;Hyundai;ix35    ;1650000;Astrakhan;gasoline;automatic;FWD;140000;KR;2.0;150;10
38;Kia;Rio    ;1200000;Astrakhan;gasoline;manual;FWD;92000;KR;1.4;107;7
39;Kia;Sportage    ;2100000;Astrakhan;gasoline;automatic;FWD;88400;KR;2.0;150;8
40;Toyota;Mark II   ;350000;Astrakhan;gasoline;automatic;RWD;300000;JP;2.0;135;31
41;Mitsubishi;Delica    ;1750000;Astrakhan;gasoline;automatic;4WD;172500;JP;3.0;185;25
42;Nissan;Juke    ;1110900;Astrakhan;gasoline;CVT;FWD;117407;JP;1.6;117;12
43;Mitsubishi;Xpander    ;2900000;Astrakhan;gasoline;automatic;FWD;20;JP;1.5;105;1
44;Volkswagen;Scirocco    ;1050000;Astrakhan;gasoline;manual;FWD;222000;DE;1.4;160;16
45;Ford;Fiesta    ;530000;Astrakhan;gasoline;automatic;FWD;165168;USA;1.6;100;16
46;Haval;H6    ;1790000;Astrakhan;gasoline;automatic;FWD;104966;CN;1.5;143;5
47;Toyota;Camry    ;5150000;Astrakhan;gasoline;automatic;FWD;14;JP;2.5;209;1
48;Toyota;Camry    ;5150000;Astrakhan;gasoline;automatic;FWD;11;JP;2.5;207;1
49;Kia;Sportage    ;2090000;Astrakhan;gasoline;automatic;FWD;141000;KR;2.0;150;8
50;Toyota;Yaris    ;730000;Astrakhan;gasoline;robot;FWD;251000;JP;1.3;87;17
51;Ford;C-MAX    ;670000;Astrakhan;gasoline;manual;FWD;270000;USA;2.0;145;18
52;Kia;Spectra    ;420000;Astrakhan;gasoline;manual;FWD;180000;KR;1.6;101;15
53;GAZ;21 Volga   ;750000;Saint Petersburg;gasoline;manual;RWD;112000;RUS;2.4;70;64
54;Kia;Ceed    ;1000000;Astrakhan;gasoline;manual;FWD;128000;KR;1.6;129;11
55;Jeep;Patriot    ;850000;Astrakhan;gasoline;CVT;4WD;186000;USA;2.4;170;16
56;Hyundai;Solaris    ;730000;Astrakhan;gasoline;manual;FWD;246000;KR;1.6;123;12
57;Lexus;GS300    ;1340000;Astrakhan;gasoline;automatic;RWD;217000;JP;3.0;249;19
58;Lexus;IS250    ;1545000;Astrakhan;gasoline;automatic;RWD;108000;JP;2.5;208;18
59;Honda;HR-V    ;380000;Astrakhan;gasoline;manual;FWD;275000;JP;1.6;105;26
60;Hyundai;ix35    ;1200000;Astrakhan;gasoline;automatic;FWD;83000;KR;2.0;150;9
61;GAZ;21 Volga   ;320000;Tomsk;gasoline;manual;RWD;42000;RUS;2.4;75;57
62;Ford;Kuga    ;1350000;Astrakhan;gasoline;automatic;4WD;146000;USA;1.6;150;11
63;Hyundai;Solaris    ;1700000;Astrakhan;gasoline;automatic;FWD;56000;KR;1.6;123;4
64;Hyundai;Sonata    ;1400000;Astrakhan;gasoline;automatic;FWD;139000;KR;2.4;178;14
65;Hyundai;Solaris    ;870000;Astrakhan;gasoline;manual;FWD;181125;KR;1.6;123;10
66;GAZ;21 Volga   ;1000000;Chelyabinsk;gasoline;manual;RWD;13456;RUS;2.4;75;56
67;GAZ;21 Volga   ;300000;Chita;gasoline;manual;RWD;10000;RUS;2.4;75;60
68;Hyundai;Creta    ;1800000;Astrakhan;gasoline;automatic;FWD;77000;KR;1.6;123;6
69;Mazda;CX-7    ;900000;Astrakhan;gasoline;automatic;4WD;170000;JP;2.3;244;16
70;Hyundai;Getz    ;420000;Astrakhan;gasoline;manual;FWD;177000;KR;1.3;82;20
71;Nissan;Patrol    ;1280000;Astrakhan;diesel;manual;4WD;270000;JP;3.0;158;23
72;GAZ;2217;645000;Astrakhan;gasoline;manual;RWD;182000;RUS;2.5;140;17
73;Mercedes-Benz;E-Class    ;2900000;Astrakhan;gasoline;automatic;RWD;191000;DE;3.5;249;11
74;GAZ;2217;1600000;Irkutsk;gasoline;manual;RWD;12000;RUS;2.7;107;4
75;Kia;Sportage    ;2100000;Astrakhan;gasoline;manual;FWD;87000;KR;2.0;150;5
76;Hyundai;Accent    ;550000;Astrakhan;gasoline;automatic;FWD;205000;KR;1.5;102;16
77;Nissan;Tiida    ;750000;Astrakhan;gasoline;automatic;FWD;165500;JP;1.6;110;16
78;Skoda;Rapid    ;1125000;Astrakhan;gasoline;manual;FWD;212080;CZ;1.6;110;5
79;Geely;Tugella FY11   ;3800000;Astrakhan;gasoline;automatic;4WD;8096;CN;2.0;238;1
80;Toyota;Camry    ;1349999;Astrakhan;gasoline;automatic;FWD;350000;JP;3.5;277;14
81;Chevrolet;Cruze    ;835000;Astrakhan;gasoline;automatic;FWD;136000;USA;1.6;109;12
82;Kia;Rio    ;940000;Astrakhan;gasoline;manual;FWD;250000;KR;1.6;123;9
83;Hyundai;Solaris    ;965000;Astrakhan;gasoline;automatic;FWD;133000;KR;1.6;123;11
84;Skoda;Fabia    ;695000;Astrakhan;gasoline;manual;FWD;187000;CZ;1.4;86;14
85;GAZ;2217;700000;Moscow;gasoline;manual;RWD;325000;RUS;2.9;107;11
86;GAZ;2217;1000000;Novosibirsk;diesel;manual;4WD;98000;RUS;2.8;120;10
87;Nissan;Bluebird    ;170000;Astrakhan;gasoline;automatic;FWD;500000;JP;1.8;125;26
88;Toyota;RAV4    ;1560000;Astrakhan;gasoline;CVT;4WD;178000;JP;2.0;158;14
89;Mercedes-Benz;Mercedes    ;890000;Astrakhan;diesel;manual;RWD;550000;DE;2.1;109;9
90;Kia;Rio    ;1160000;Astrakhan;gasoline;automatic;FWD;133000;KR;1.6;123;8
91;Lexus;RC200t    ;3500000;Astrakhan;gasoline;automatic;RWD;142000;JP;2.0;245;8
92;Audi;A3    ;910000;Astrakhan;gasoline;robot;FWD;180000;DE;1.4;125;14
93;Mazda;Mazda6    ;1600000;Astrakhan;gasoline;automatic;FWD;181000;JP;2.0;150;12
94;Nissan;Qashqai    ;1230000;Astrakhan;gasoline;CVT;FWD;143189;JP;1.6;117;11
95;Nissan;Teana    ;1490000;Astrakhan;gasoline;CVT;FWD;120000;JP;2.5;173;9
96;Nissan;X-Trail    ;1000000;Astrakhan;gasoline;automatic;4WD;190000;JP;2.0;140;19
97;Volkswagen;Polo    ;800000;Astrakhan;gasoline;manual;FWD;150000;DE;1.6;105;13
98;GAZ;2217;790000;Samara;gasoline;manual;4WD;240000;RUS;2.9;106;10
99;Kia;Cerato    ;1675000;Astrakhan;gasoline;automatic;FWD;94406;KR;1.6;123;6
100;Toyota;RAV4    ;3100000;Astrakhan;gasoline;CVT;FWD;37000;JP;2.0;146;6
101;GAZ;2217;2200000;Tomsk;gasoline;manual;4WD;34000;RUS;2.7;78;2
102;Hyundai;Solaris    ;1190000;Astrakhan;gasoline;automatic;FWD;117000;KR;1.6;123;10
103;Chery;Tiggo T11   ;740000;Astrakhan;gasoline;manual;FWD;158000;CN;1.6;126;10
104;Toyota;Highlander    ;2040000;Astrakhan;gasoline;automatic;4WD;248651;JP;3.5;273;13
105;Lexus;LX450d    ;7700000;Astrakhan;diesel;automatic;4WD;145000;JP;4.5;272;8
106;Renault;Logan    ;475000;Astrakhan;gasoline;manual;FWD;421000;FR;1.6;82;7
107;Toyota;Corolla    ;2790000;Astrakhan;gasoline;automatic;FWD;200;JP;1.2;116;2
108;Mercedes-Benz;C-Class    ;1950000;Astrakhan;gasoline;automatic;RWD;32000;DE;2.0;136;28
109;Volkswagen;Tiguan    ;2890000;Astrakhan;gasoline;robot;4WD;88000;DE;1.4;150;5
110;BMW;X6    ;11400000;Astrakhan;diesel;automatic;4WD;16000;DE;3.0;249;3
111;Kia;Rio    ;2019000;Astrakhan;gasoline;automatic;FWD;50100;KR;1.6;123;3
112;Hyundai;Solaris    ;1850000;Astrakhan;gasoline;automatic;FWD;92000;KR;1.6;123;3
113;Mazda;CX-7    ;902900;Astrakhan;gasoline;automatic;4WD;146815;JP;2.3;238;16
114;Geely;Coolray    ;2250000;Astrakhan;gasoline;robot;FWD;192;CN;1.5;150;1
115;Volkswagen;Passat CC   ;749900;Astrakhan;gasoline;manual;FWD;260321;DE;1.8;152;13
116;BMW;3-Series    ;250000;Astrakhan;gasoline;manual;RWD;300000;DE;1.8;90;36
117;Nissan;Almera    ;780000;Astrakhan;gasoline;manual;FWD;150823;JP;1.6;102;7
118;Nissan;Note    ;575000;Astrakhan;gasoline;CVT;FWD;249771;JP;1.5;109;19
119;Volkswagen;Passat    ;145000;Astrakhan;gasoline;manual;FWD;200000;DE;1.8;90;34
120;Hyundai;ix35    ;1365000;Astrakhan;gasoline;automatic;FWD;164000;KR;2.0;150;11
121;GAZ;2217;1200000;Tomsk;diesel;manual;4WD;326041;RUS;2.7;120;10
122;Citroen;C3 Picasso   ;750000;Astrakhan;gasoline;manual;FWD;161000;FR;1.6;115;13
123;Nissan;Note    ;970000;Astrakhan;gasoline;automatic;FWD;161115;JP;1.6;110;12
124;Mitsubishi;Carisma    ;295000;Astrakhan;gasoline;manual;FWD;330903;JP;1.8;122;24
125;Ford;Focus    ;990000;Astrakhan;gasoline;robot;FWD;87000;USA;1.6;105;11
126;GAZ;2217;750000;Tomsk;gasoline;manual;RWD;320124;RUS;2.9;106;14
127;Hyundai;Equus    ;1300000;Astrakhan;gasoline;automatic;RWD;260000;KR;3.8;290;12
128;GAZ;2217;1690000;Chita;gasoline;manual;4WD;23347;RUS;2.7;107;2
129;GAZ;2217;1750000;Yakutsk;gasoline;manual;4WD;37000;RUS;2.7;106;3
130;Kia;Picanto    ;550000;Astrakhan;gasoline;automatic;FWD;165694;KR;1.1;65;14
131;Lexus;LS460    ;2398000;Astrakhan;gasoline;automatic;4WD;164000;JP;4.6;367;12
132;GAZ;2217;2050000;Yakutsk;diesel;automatic;4WD;85000;RUS;2.8;120;6
133;Kia;Ceed    ;1955000;Astrakhan;gasoline;robot;FWD;102905;KR;1.4;140;6
134;Skoda;Octavia    ;1890000;Astrakhan;gasoline;manual;FWD;95898;CZ;1.6;110;6
135;Toyota;Yaris    ;705000;Astrakhan;gasoline;manual;FWD;140262;JP;1.3;101;15
136;Volkswagen;Polo    ;1315000;Astrakhan;gasoline;automatic;FWD;83710;DE;1.6;110;8
137;OMODA;S5    ;2067000;Astrakhan;gasoline;CVT;FWD;34390;CN;1.5;147;1
138;Kia;Soul    ;1400000;Astrakhan;gasoline;automatic;FWD;102000;KR;1.6;124;8
139;Volkswagen;Polo    ;1180000;Astrakhan;gasoline;manual;FWD;107156;DE;1.6;110;8
140;GAZ;2217;1680000;Yakutsk;gasoline;manual;4WD;39000;RUS;2.7;107;3
141;GAZ;24 Volga   ;110000;Barnaul;gasoline;manual;RWD;54000;RUS;2.4;100;36
142;Chevrolet;Aveo    ;850000;Astrakhan;gasoline;automatic;FWD;88000;USA;1.6;115;12
143;Volkswagen;Tiguan    ;1430000;Astrakhan;gasoline;automatic;4WD;113000;DE;2.0;170;12
144;Nissan;Tiida    ;935000;Astrakhan;gasoline;automatic;FWD;220000;JP;1.6;110;13
145;Lexus;RX300    ;4600000;Astrakhan;gasoline;automatic;4WD;85000;JP;2.0;238;6
146;GAZ;24 Volga   ;250000;Nizhny Novgorod;gasoline;manual;RWD;80000;RUS;2.4;90;33
147;Kia;Cerato    ;1520000;Astrakhan;gasoline;automatic;FWD;146000;KR;1.6;130;9
148;Suzuki;SX4    ;1380000;Astrakhan;gasoline;CVT;FWD;131900;JP;1.6;117;10
149;Honda;Accord    ;100000;Astrakhan;gasoline;automatic;FWD;50000;JP;2.0;130;30
150;Suzuki;Kizashi    ;1150000;Astrakhan;gasoline;CVT;FWD;166000;JP;2.4;178;14
151;Nissan;DAYZ    ;949000;Astrakhan;hybrid;CVT;FWD;93000;JP;0.7;64;5
152;GAZ;24 Volga   ;250000;Rostov-on-Don;gasoline;manual;RWD;8000;RUS;2.4;100;38
153;Hyundai;i40    ;1490000;Astrakhan;gasoline;automatic;FWD;130000;KR;2.0;150;9
154;Toyota;Land Cruiser   ;2000000;Astrakhan;diesel;manual;4WD;470000;JP;4.2;131;20
155;Kia;Spectra    ;537000;Astrakhan;gasoline;manual;FWD;188000;KR;1.6;101;16
156;Kia;Ceed    ;720000;Astrakhan;gasoline;automatic;FWD;259000;KR;1.6;122;17
157;Ford;Focus    ;400000;Astrakhan;gasoline;manual;FWD;281500;USA;1.8;124;17
158;Volkswagen;Passat    ;1449000;Astrakhan;gasoline;automatic;FWD;182000;DE;1.8;170;8
159;Mercedes-Benz;E-Class    ;350000;Astrakhan;gasoline;automatic;RWD;307837;DE;2.3;203;28
160;Opel;Astra    ;1100000;Astrakhan;gasoline;automatic;FWD;126800;DE;1.6;115;13
161;Ford;Mondeo    ;375000;Astrakhan;gasoline;manual;FWD;250000;USA;1.8;125;23
162;Kia;Cerato    ;675000;Astrakhan;gasoline;manual;FWD;200000;KR;1.6;126;15
163;Toyota;Cresta    ;375000;Astrakhan;diesel;automatic;RWD;250000;JP;2.4;97;29
164;Peugeot;206;179999;Astrakhan;gasoline;manual;FWD;200000;FR;1.4;75;16
165;Chevrolet;Rezzo    ;280000;Astrakhan;gasoline;manual;FWD;160000;USA;1.6;105;19
166;GAZ;24 Volga   ;100000;Rostov-on-Don;gasoline;manual;RWD;83000;RUS;2.4;85;50
167;Nissan;Teana    ;1120000;Astrakhan;gasoline;CVT;FWD;170000;JP;2.5;182;13
168;Opel;Corsa    ;535000;Astrakhan;gasoline;automatic;FWD;194000;DE;1.2;90;16
169;GAZ;24 Volga   ;220000;Samara;gasoline;manual;RWD;120358;RUS;2.4;95;44
170;Mazda;Mazda3 MPS   ;710000;Astrakhan;gasoline;manual;FWD;153000;JP;2.3;260;16
171;Chevrolet;Nexia    ;969900;Astrakhan;gasoline;manual;FWD;40509;USA;1.5;106;4
172;Hyundai;Accent    ;507900;Astrakhan;gasoline;automatic;FWD;181362;KR;1.5;102;16
173;GAZ;24 Volga   ;150000;Samara;gasoline;manual;RWD;79000;RUS;2.4;95;46
174;Kia;K3    ;2190000;Astrakhan;gasoline;CVT;FWD;70000;KR;1.6;123;6
175;Hyundai;ix35    ;1470000;Astrakhan;gasoline;automatic;4WD;146000;KR;2.0;150;14
176;Toyota;Corolla    ;950000;Astrakhan;gasoline;robot;FWD;186000;JP;1.6;124;16
177;BMW;5-Series    ;930000;Astrakhan;gasoline;manual;RWD;350000;DE;3.0;231;24
178;Skoda;Rapid    ;1750000;Astrakhan;gasoline;automatic;FWD;50000;CZ;1.6;110;3
179;GAZ;24 Volga   ;350000;Surgut;gasoline;manual;RWD;53000;RUS;2.4;95;48
180;Kia;Ceed    ;1049990;Astrakhan;gasoline;automatic;FWD;213920;KR;1.6;122;13
181;Opel;Astra    ;1100000;Astrakhan;gasoline;automatic;FWD;212000;DE;1.4;140;10
182;Toyota;RAV4    ;2600000;Astrakhan;gasoline;CVT;FWD;128000;JP;2.0;146;9
183;Lifan;X60    ;740000;Astrakhan;gasoline;manual;FWD;131000;CN;1.8;128;10
184;Renault;Logan    ;465000;Astrakhan;gasoline;manual;FWD;213000;FR;1.4;75;12
185;Porsche;Cayenne    ;1500000;Astrakhan;gasoline;automatic;4WD;223000;DE;4.8;500;17
186;Lexus;GS300    ;1450000;Astrakhan;gasoline;automatic;RWD;201000;JP;3.0;249;17
187;Ford;Focus    ;515000;Astrakhan;gasoline;manual;FWD;303000;USA;1.6;100;17
188;GAZ;24 Volga   ;75000;Tomsk;gasoline;manual;RWD;55000;RUS;2.5;95;48
189;Chevrolet;Captiva    ;1448000;Astrakhan;gasoline;automatic;4WD;167450;USA;3.0;249;11
190;Volkswagen;Transporter    ;500000;Astrakhan;diesel;manual;RWD;200000;DE;1.6;50;38
191;Renault;Logan    ;880000;Astrakhan;gasoline;manual;FWD;143000;FR;1.6;82;7
192;Ford;Focus    ;730000;Astrakhan;gasoline;automatic;FWD;231000;USA;1.6;100;15
193;Citroen;C5    ;280000;Astrakhan;gasoline;automatic;FWD;300000;FR;2.0;136;21
194;GAZ;24 Volga   ;153000;Tomsk;gasoline;manual;RWD;140000;RUS;2.4;95;41
195;Mercedes-Benz;E-Class    ;1590000;Astrakhan;gasoline;automatic;RWD;258000;DE;1.8;184;14
196;Ford;Focus    ;490000;Astrakhan;gasoline;automatic;FWD;185000;USA;2.0;130;21
197;GAZ;24 Volga   ;230000;Ufa;gasoline;manual;RWD;150000;RUS;2.4;100;34
198;Honda;Fit    ;480000;Astrakhan;gasoline;CVT;FWD;330000;JP;1.3;86;21
199;Hyundai;Sonata    ;1950000;Astrakhan;gasoline;automatic;FWD;99385;KR;2.4;188;7
200;Mazda;Mazda6    ;1945000;Astrakhan;gasoline;automatic;FWD;299400;JP;2.0;150;8
201;Mercedes-Benz;E-Class    ;430000;Astrakhan;gasoline;automatic;RWD;357000;DE;3.2;220;28
202;GAZ;24 Volga   ;500000;Chita;gasoline;manual;RWD;80000;RUS;2.4;85;45
203;GAZ;24 Volga   ;150000;Chita;gasoline;manual;RWD;50000;RUS;2.4;100;33
204;Hyundai;Solaris    ;700000;Astrakhan;gasoline;manual;FWD;140000;KR;1.4;107;12
205;Subaru;Dex    ;900000;Astrakhan;gasoline;automatic;4WD;169000;JP;1.3;92;14
206;GAZ;3102 Volga   ;165000;Astrakhan;gasoline;manual;RWD;160000;RUS;2.4;137;17
207;Opel;Mokka    ;1300000;Astrakhan;gasoline;automatic;4WD;109000;DE;1.8;140;10
208;Toyota;Camry    ;2940000;Astrakhan;gasoline;automatic;FWD;140000;JP;2.5;181;5
209;Honda;Civic Ferio   ;250000;Astrakhan;gasoline;automatic;FWD;250000;JP;1.5;105;22
210;Kia;Ceed    ;2650000;Astrakhan;gasoline;automatic;FWD;60;KR;1.6;128;2
211;Toyota;Camry    ;2720000;Astrakhan;gasoline;automatic;FWD;120787;JP;2.5;181;4
212;Hyundai;Solaris    ;810000;Astrakhan;gasoline;automatic;FWD;170000;KR;1.6;123;11
213;BMW;X5    ;1100000;Astrakhan;gasoline;automatic;4WD;300000;DE;4.4;320;19
214;Mercedes-Benz;E-Class    ;4500000;Astrakhan;gasoline;automatic;RWD;45000;DE;2.0;184;6
215;Mercedes-Benz;G-Class    ;2200000;Astrakhan;gasoline;automatic;4WD;343000;DE;5.0;296;23
216;Hyundai;Santa Fe   ;3990000;Astrakhan;gasoline;automatic;4WD;20000;KR;2.4;188;4
217;Chevrolet;Nexia    ;1290000;Astrakhan;gasoline;automatic;FWD;14000;USA;1.5;106;3
218;BMW;2-Series    ;4550000;Astrakhan;gasoline;automatic;4WD;41000;DE;2.0;306;4
219;Geely;Monjaro    ;3850000;Astrakhan;gasoline;automatic;4WD;100;CN;2.0;238;1
220;Lexus;RX300    ;7600000;Astrakhan;gasoline;automatic;4WD;900;JP;2.0;238;2
221;Lexus;RX300    ;6250000;Astrakhan;gasoline;automatic;4WD;61000;JP;2.0;238;4
222;BMW;3-Series    ;1790000;Astrakhan;gasoline;automatic;RWD;210000;DE;1.5;136;9
223;Chery;Tiggo 4 Pro  ;2050000;Astrakhan;gasoline;CVT;FWD;4200;CN;1.5;113;1
224;Geely;Coolray    ;2380000;Astrakhan;gasoline;robot;FWD;250;CN;1.5;150;1
225;Toyota;RAV4    ;2750000;Astrakhan;gasoline;CVT;4WD;56573;JP;2.0;146;6
226;Lexus;LX450d    ;7550000;Astrakhan;diesel;automatic;4WD;148000;JP;4.5;272;8
227;Honda;Civic    ;650000;Astrakhan;gasoline;automatic;FWD;320000;JP;1.8;140;16
228;GAC;GS8    ;4000000;Astrakhan;gasoline;automatic;4WD;2000;CN;2.0;231;1
229;Toyota;Camry    ;1900000;Astrakhan;gasoline;automatic;FWD;140000;JP;2.0;148;10
230;Chevrolet;Cruze    ;820000;Astrakhan;gasoline;automatic;FWD;182000;USA;1.8;141;13
231;Hyundai;Creta    ;1800000;Astrakhan;gasoline;manual;FWD;72000;KR;1.6;123;6
232;Chevrolet;Lacetti    ;470000;Astrakhan;gasoline;manual;FWD;220000;USA;1.4;95;18
233;Nissan;Almera Classic   ;439900;Astrakhan;gasoline;manual;FWD;167760;JP;1.8;116;18
234;BMW;3-Series    ;600000;Astrakhan;gasoline;manual;RWD;250000;DE;2.2;170;24
235;Renault;Megane    ;450000;Astrakhan;gasoline;manual;FWD;280000;FR;1.6;115;20
236;Great;Wall Poer KingKong  ;2855000;Astrakhan;gasoline;manual;4WD;4804;CN;2.0;190;1
237;GAZ;3102 Volga   ;380000;Yekaterinburg;gasoline;manual;RWD;110000;RUS;2.3;131;18
238;Cadillac;XT5    ;2749900;Astrakhan;gasoline;automatic;4WD;75304;USA;3.6;314;7
239;Hyundai;Solaris    ;1560000;Astrakhan;gasoline;manual;FWD;75951;KR;1.6;123;5
240;Hyundai;Santa Fe   ;1150000;Astrakhan;gasoline;automatic;4WD;250000;KR;2.7;189;17
241;Volkswagen;Golf    ;80000;Astrakhan;gasoline;manual;FWD;350000;DE;1.3;55;36
242;Mitsubishi;Colt    ;460000;Astrakhan;gasoline;CVT;FWD;209000;JP;1.5;98;21
243;Jaguar;S-type    ;425000;Astrakhan;gasoline;automatic;RWD;280000;UK;4.0;276;23
244;Toyota;Corolla    ;895000;Astrakhan;gasoline;robot;FWD;236000;JP;1.6;124;17
245;Ravon;Nexia R3   ;1070000;Astrakhan;gasoline;automatic;FWD;28870;UZ;1.5;106;5
246;Renault;Logan    ;360000;Astrakhan;gasoline;manual;FWD;377000;FR;1.4;75;13
247;GAZ;3102 Volga   ;100000;Irkutsk;gasoline;manual;RWD;290050;RUS;2.3;145;22
248;Audi;A6    ;950000;Astrakhan;gasoline;CVT;FWD;256000;DE;2.4;177;19
249;Kia;Sorento    ;4415000;Astrakhan;diesel;robot;4WD;19215;KR;2.2;199;4
250;Hyundai;Solaris    ;1899000;Astrakhan;gasoline;automatic;FWD;84638;KR;1.6;123;4
251;Toyota;RAV4    ;2150000;Astrakhan;gasoline;CVT;FWD;156000;JP;2.0;146;9
252;Hyundai;Creta    ;2045000;Astrakhan;gasoline;automatic;FWD;40026;KR;1.6;123;5
253;BMW;X7    ;14500000;Astrakhan;diesel;automatic;4WD;8728;DE;3.0;352;2
254;Kia;ProCeed    ;1170000;Astrakhan;gasoline;automatic;FWD;121000;KR;1.6;129;11
255;Jaguar;XF    ;1199000;Astrakhan;gasoline;automatic;RWD;171000;UK;3.0;238;16
256;Hyundai;Santa Fe   ;1850000;Astrakhan;diesel;automatic;4WD;255388;KR;2.2;197;11
257;GAZ;3102 Volga   ;200000;Makhachkala;gasoline;manual;RWD;250000;RUS;2.3;131;18
258;Volkswagen;Touareg    ;950000;Astrakhan;diesel;automatic;4WD;330000;DE;2.5;174;18
259;GAZ;3102 Volga   ;205000;Nizhny Novgorod;gasoline;manual;RWD;125000;RUS;2.4;137;17
260;Toyota;Avensis    ;1250000;Astrakhan;gasoline;CVT;FWD;202000;JP;2.0;152;15
261;Hyundai;Solaris    ;650000;Astrakhan;gasoline;automatic;FWD;300000;KR;1.4;107;10
262;Mitsubishi;Galant    ;220000;Astrakhan;gasoline;automatic;FWD;200000;JP;1.8;150;27
263;Kia;Rio    ;1575000;Astrakhan;gasoline;automatic;FWD;100000;KR;1.6;123;6
264;Hyundai;i20    ;749000;Astrakhan;gasoline;automatic;FWD;190000;KR;1.4;100;14
265;Jetour;X90 Plus   ;3250000;Astrakhan;gasoline;robot;FWD;21000;CN;2.0;244;1
266;Lexus;RX300    ;5850000;Astrakhan;gasoline;automatic;4WD;75000;JP;2.0;238;4
267;Volkswagen;Polo    ;1890000;Astrakhan;gasoline;automatic;FWD;49000;DE;1.6;110;3
268;GAZ;3102 Volga   ;160000;Tomsk;gasoline;manual;RWD;250000;RUS;2.3;96;22
269;Chevrolet;Cruze    ;700000;Astrakhan;gasoline;manual;FWD;226898;USA;1.6;109;13
270;Kia;Soul    ;2300000;Astrakhan;gasoline;automatic;FWD;28000;KR;1.6;123;2
271;GAZ;3102 Volga   ;800000;Chelyabinsk;gasoline;manual;RWD;5000;RUS;2.3;145;22
272;GAZ;3102 Volga   ;230000;Chita;gasoline;manual;RWD;220000;RUS;2.3;145;23
273;Hyundai;Solaris    ;1600000;Astrakhan;gasoline;automatic;FWD;91800;KR;1.6;123;6
274;Kia;Sportage    ;1450000;Astrakhan;gasoline;automatic;4WD;148000;KR;2.0;150;14
275;Hyundai;Solaris    ;1470000;Astrakhan;gasoline;automatic;FWD;73918;KR;1.6;123;6
276;Nissan;Note    ;1700000;Astrakhan;gasoline;CVT;FWD;113000;JP;1.2;98;7
277;Honda;Fit    ;550000;Astrakhan;gasoline;CVT;FWD;249201;JP;1.3;86;22
278;Kia;Spectra    ;340000;Astrakhan;gasoline;manual;FWD;293000;KR;1.6;101;18
279;Jetour;X70 Coupe   ;2350000;Astrakhan;gasoline;robot;FWD;1000;CN;1.5;156;2
280;Chevrolet;Niva    ;945000;Astrakhan;gasoline;manual;4WD;63000;USA;1.7;80;7
281;GAZ;3102 Volga   ;225000;Chita;gasoline;manual;RWD;200000;RUS;2.3;131;19
282;GAZ;3102 Volga   ;75000;Chita;gasoline;manual;RWD;200000;RUS;2.4;105;27
283;Toyota;Camry    ;1239999;Astrakhan;gasoline;automatic;FWD;280000;JP;2.4;167;14
284;Kia;Optima    ;1970000;Astrakhan;gasoline;automatic;FWD;135000;KR;2.0;150;7
285;Great;Wall Hover M2  ;759000;Astrakhan;gasoline;manual;FWD;147000;CN;1.5;99;11
286;Hyundai;ix35    ;1945000;Astrakhan;gasoline;automatic;FWD;50000;KR;2.0;150;9
287;GAZ;3102 Volga   ;230000;Yakutsk;gasoline;manual;RWD;250000;RUS;2.4;137;17
288;Nissan;Tiida Latio   ;650000;Astrakhan;gasoline;automatic;FWD;290000;JP;1.5;109;19
289;Nissan;Expert    ;190000;Astrakhan;gasoline;automatic;FWD;487000;JP;1.8;125;22
290;Toyota;Vista    ;270000;Astrakhan;diesel;automatic;FWD;273000;JP;2.0;91;31
291;Toyota;Cresta    ;220000;Astrakhan;gasoline;automatic;RWD;200000;JP;2.0;130;38
292;GAZ;31029 Volga   ;85000;Astrakhan;gasoline;manual;RWD;96000;RUS;2.4;100;28
293;Mitsubishi;Galant    ;299000;Astrakhan;gasoline;manual;FWD;413556;JP;1.8;90;34
294;Honda;City    ;420000;Astrakhan;gasoline;CVT;FWD;230000;JP;1.5;88;20
295;GAZ;31029 Volga   ;60000;Barnaul;gasoline;manual;RWD;100000;RUS;2.4;90;45
296;BMW;X6    ;1395000;Astrakhan;gasoline;automatic;4WD;165470;DE;4.4;407;16
297;Nissan;Almera    ;290000;Astrakhan;gasoline;manual;FWD;200000;JP;1.5;98;20
298;Mazda;Mazda3    ;980000;Astrakhan;gasoline;automatic;FWD;184900;JP;1.6;105;15
299;GAZ;31029 Volga   ;83000;Irkutsk;gasoline;manual;RWD;545618;RUS;2.4;90;28
300;Chevrolet;Monza    ;2050000;Astrakhan;gasoline;robot;FWD;46;USA;1.5;113;1
301;Toyota;Raize    ;2200000;Astrakhan;gasoline;CVT;FWD;31500;JP;1.0;98;4
302;Kia;Rio    ;225000;Astrakhan;gasoline;automatic;FWD;225000;KR;1.5;98;21
303;Hyundai;Solaris    ;1130000;Astrakhan;gasoline;manual;FWD;128000;KR;1.6;123;9
304;Opel;Corsa    ;580000;Astrakhan;gasoline;manual;FWD;164000;DE;1.2;80;17
305;Kia;Cerato    ;1980000;Astrakhan;gasoline;automatic;FWD;37000;KR;2.0;150;5
306;Kia;Rio    ;510000;Astrakhan;gasoline;manual;FWD;75000;KR;1.4;97;18
307;Lifan;X50    ;600000;Astrakhan;gasoline;manual;FWD;94000;CN;1.5;103;8
308;Nissan;Juke    ;1090000;Astrakhan;gasoline;CVT;FWD;98003;JP;1.6;117;12
309;Renault;Clio    ;1529900;Astrakhan;diesel;robot;FWD;40391;FR;1.5;90;5
310;Honda;Stepwgn    ;2350000;Astrakhan;gasoline;CVT;FWD;92500;JP;1.5;150;5
311;Renault;Megane    ;450000;Astrakhan;gasoline;automatic;FWD;212000;FR;1.6;113;18
312;Toyota;Tank    ;1200000;Astrakhan;gasoline;CVT;FWD;50000;JP;1.0;69;5
313;BMW;3-Series    ;3850000;Astrakhan;diesel;automatic;RWD;140000;DE;2.0;190;6
314;Toyota;RAV4    ;1699000;Astrakhan;gasoline;CVT;4WD;208000;JP;2.0;158;13
315;Nissan;Teana    ;998000;Astrakhan;gasoline;CVT;FWD;192000;JP;2.5;182;14
316;Lexus;GS350    ;4250000;Astrakhan;gasoline;automatic;RWD;89000;JP;3.5;311;6
317;Hyundai;Accent    ;400000;Astrakhan;gasoline;manual;FWD;273126;KR;1.5;102;18
318;GAZ;31029 Volga   ;63000;Nizhny Novgorod;gasoline;manual;RWD;120000;RUS;2.4;90;30
319;GAZ;31029 Volga   ;200000;Tomsk;gasoline;manual;RWD;65000;RUS;2.4;100;28
320;Hyundai;Solaris    ;1200000;Astrakhan;gasoline;automatic;FWD;120689;KR;1.6;123;8
321;Mitsubishi;Dion    ;540000;Astrakhan;gasoline;CVT;4WD;270000;JP;2.0;135;22
322;Ford;Focus    ;559000;Astrakhan;gasoline;manual;FWD;199999;USA;1.8;125;17
323;BMW;X7    ;8500000;Astrakhan;diesel;automatic;4WD;87000;DE;3.0;249;5
324;Chevrolet;Cruze    ;865000;Astrakhan;gasoline;automatic;FWD;121000;USA;1.8;141;13
325;Volkswagen;Polo    ;980000;Astrakhan;gasoline;automatic;FWD;250000;DE;1.6;110;8
326;Toyota;Camry    ;4000000;Astrakhan;gasoline;CVT;FWD;100;JP;2.0;174;1
327;Nissan;Teana    ;1450000;Astrakhan;gasoline;CVT;4WD;190000;JP;2.5;167;14
328;GAZ;31029 Volga   ;60000;Tomsk;gasoline;manual;RWD;100000;RUS;2.4;90;28
329;GAZ;31029 Volga   ;250000;Khabarovsk;gasoline;manual;RWD;20000;RUS;2.4;90;31
330;Ford;Focus    ;590000;Astrakhan;gasoline;manual;FWD;260000;USA;1.8;125;17
331;Mitsubishi;Mirage    ;450000;Astrakhan;gasoline;automatic;FWD;298000;JP;1.3;88;27
332;Hyundai;Veloster    ;950000;Astrakhan;gasoline;manual;FWD;78000;KR;1.6;132;12
333;Lexus;ES250    ;4120000;Astrakhan;gasoline;automatic;FWD;73964;JP;2.5;200;5
334;Chevrolet;Aveo    ;760000;Astrakhan;gasoline;automatic;FWD;130000;USA;1.6;115;12
335;Toyota;Mark II   ;750000;Astrakhan;gasoline;automatic;RWD;387102;JP;2.0;160;22
336;Kia;Rio    ;1100000;Astrakhan;gasoline;automatic;FWD;160000;KR;1.6;123;7
337;GAZ;31029 Volga   ;40000;Chita;gasoline;manual;RWD;100000;RUS;2.4;100;27
338;Mercedes-Benz;E-Class    ;995000;Astrakhan;diesel;automatic;RWD;262000;DE;2.1;136;17
339;Chevrolet;Aveo    ;685000;Astrakhan;gasoline;manual;FWD;184000;USA;1.6;115;11
340;Mercedes-Benz;A-Class    ;1350000;Astrakhan;gasoline;robot;FWD;137000;DE;1.6;156;11
341;GAZ;31029 Volga   ;125000;Yakutsk;gasoline;manual;RWD;13568;RUS;2.4;100;30
342;Mitsubishi;Grandis    ;810000;Astrakhan;gasoline;automatic;FWD;326000;JP;2.4;165;21
343;Nissan;March    ;499000;Astrakhan;gasoline;automatic;FWD;99000;JP;1.2;90;22
344;Hyundai;Sonata    ;950000;Astrakhan;gasoline;automatic;FWD;186714;KR;2.0;152;14
345;Kia;Rio    ;950000;Astrakhan;gasoline;manual;FWD;146313;KR;1.6;123;9
346;GAZ;31029 Volga   ;70000;Yakutsk;gasoline;manual;RWD;70000;RUS;2.4;90;32
347;Toyota;Corolla    ;835000;Astrakhan;gasoline;manual;FWD;270000;JP;1.6;124;18
348;Chevrolet;Niva    ;500000;Astrakhan;gasoline;manual;4WD;159189;USA;1.7;80;18
349;Hyundai;Santa Fe Classic  ;800000;Astrakhan;diesel;manual;4WD;199000;KR;2.0;112;19
350;Toyota;Corolla    ;360000;Astrakhan;diesel;automatic;FWD;300000;JP;2.2;79;23
351;Volkswagen;Tiguan    ;1500000;Astrakhan;gasoline;robot;FWD;130000;DE;1.4;150;10
352;GAZ;31029 Volga   ;70000;Yakutsk;gasoline;manual;RWD;59639;RUS;2.4;90;30
353;GAZ;3110 Volga   ;180000;Astrakhan;gasoline;manual;RWD;81211;RUS;2.4;90;26
354;GAZ;3110 Volga   ;150000;Astrakhan;gasoline;manual;RWD;250000;RUS;2.3;130;21
355;Kia;Ceed    ;1541900;Astrakhan;gasoline;automatic;FWD;133264;KR;1.6;128;5
356;GAZ;3110 Volga   ;147000;Yekaterinburg;gasoline;manual;RWD;185000;RUS;2.4;81;21
357;Mercedes-Benz;E-Class    ;2499000;Astrakhan;gasoline;automatic;RWD;180000;DE;2.0;184;9
358;Mercedes-Benz;M-Class    ;2450000;Astrakhan;gasoline;automatic;4WD;163000;DE;6.2;510;14
359;Mazda;Mazda5    ;840000;Astrakhan;gasoline;manual;FWD;307584;JP;1.8;116;17
360;Toyota;Camry    ;1870000;Astrakhan;gasoline;automatic;FWD;109000;JP;2.0;148;10
361;Toyota;Vitz    ;1300000;Astrakhan;gasoline;CVT;FWD;78000;JP;1.0;69;9
362;Honda;CR-V    ;1710000;Astrakhan;gasoline;automatic;4WD;215000;JP;2.0;150;12
363;Dodge;Intrepid    ;350000;Astrakhan;gasoline;automatic;FWD;240000;USA;2.7;200;23
364;BMW;3-Series Gran Turismo  ;3390000;Astrakhan;diesel;automatic;4WD;53000;DE;2.0;184;6
365;Chevrolet;Cruze    ;810000;Astrakhan;gasoline;manual;FWD;147800;USA;1.6;109;12
366;Geely;Monjaro    ;3700000;Astrakhan;gasoline;automatic;4WD;400;CN;2.0;238;1
367;Peugeot;408;1100000;Astrakhan;gasoline;automatic;FWD;134000;FR;1.6;150;8
368;Nissan;Qashqai    ;1290000;Astrakhan;gasoline;CVT;FWD;146000;JP;1.6;117;12
369;GAZ;3110 Volga   ;70000;Krasnoyarsk;gasoline;manual;RWD;150000;RUS;2.4;100;26
370;Toyota;RAV4    ;2040000;Astrakhan;diesel;automatic;4WD;207000;JP;2.2;150;10
371;Nissan;Primera    ;600000;Astrakhan;gasoline;automatic;FWD;208000;JP;1.8;116;19
372;Hyundai;Solaris    ;900000;Astrakhan;gasoline;automatic;FWD;160000;KR;1.6;123;12
373;Geely;Emgrand    ;1931000;Astrakhan;gasoline;automatic;FWD;48810;CN;2.0;140;5
374;Chevrolet;Aveo    ;939000;Astrakhan;gasoline;manual;FWD;57620;USA;1.6;116;11
375;Kia;Rio    ;1125000;Astrakhan;gasoline;manual;FWD;103200;KR;1.4;107;8
376;GAZ;3110 Volga   ;300000;Nizhny Novgorod;gasoline;manual;RWD;137000;RUS;2.4;100;27
377;Hummer;H2    ;2179999;Astrakhan;gasoline;automatic;4WD;212000;USA;6.0;325;18
378;Toyota;Prius    ;1290000;Astrakhan;hybrid;automatic;FWD;167000;JP;1.8;99;12
379;Peugeot;3008;835000;Astrakhan;gasoline;automatic;FWD;110589;FR;1.6;150;12
380;Toyota;Corolla Fielder   ;1500000;Astrakhan;hybrid;CVT;FWD;109000;JP;1.5;74;7
381;Kia;Spectra    ;569990;Astrakhan;gasoline;automatic;FWD;159720;KR;1.6;101;17
382;Toyota;Camry    ;1780000;Astrakhan;gasoline;automatic;FWD;145000;JP;2.0;148;10
383;Opel;Insignia    ;899000;Astrakhan;gasoline;automatic;FWD;253000;DE;2.0;220;15
384;Nissan;Elgrand    ;1090000;Astrakhan;gasoline;automatic;4WD;204000;JP;3.5;240;21
385;Hyundai;Starex    ;680000;Astrakhan;diesel;automatic;RWD;374000;KR;2.5;145;20
386;Dodge;Caliber    ;650000;Astrakhan;gasoline;CVT;FWD;142000;USA;2.0;156;16
387;BMW;3-Series    ;2000000;Astrakhan;gasoline;automatic;4WD;155000;DE;2.0;184;12
388;Opel;Astra    ;670000;Astrakhan;gasoline;robot;FWD;149000;DE;1.6;115;14
389;Kia;Rio    ;1680000;Astrakhan;gasoline;automatic;FWD;93500;KR;1.6;123;5
390;Renault;Megane    ;370000;Astrakhan;gasoline;manual;FWD;265000;FR;1.6;110;19
391;Hyundai;Sonata    ;495000;Astrakhan;gasoline;manual;FWD;310000;KR;2.0;131;20
392;Mitsubishi;Chariot Grandis   ;335000;Astrakhan;gasoline;automatic;4WD;250000;JP;2.4;165;25
393;Volkswagen;Polo    ;883900;Astrakhan;gasoline;automatic;FWD;157179;DE;1.6;105;12
394;Kia;Ceed    ;1849900;Astrakhan;gasoline;automatic;FWD;63349;KR;1.6;128;6
395;Kia;Rio    ;995000;Astrakhan;gasoline;automatic;FWD;226000;KR;1.6;123;10
396;Haval;F7    ;2363900;Astrakhan;gasoline;robot;4WD;25664;CN;2.0;190;3
397;Toyota;Mark X   ;599999;Astrakhan;gasoline;automatic;RWD;164000;JP;2.5;215;18
398;Chevrolet;Spark    ;695000;Astrakhan;gasoline;manual;FWD;81700;USA;1.0;67;12
399;Hyundai;Sonata    ;1260000;Astrakhan;gasoline;automatic;FWD;199122;KR;2.0;150;13
400;BMW;X6    ;2650000;Astrakhan;diesel;automatic;4WD;210000;DE;3.0;245;10
401;Lifan;Breez    ;225000;Astrakhan;gasoline;manual;FWD;162000;CN;1.3;89;16
402;Volkswagen;Jetta    ;810000;Astrakhan;gasoline;robot;FWD;255000;DE;1.4;122;13
403;Renault;Logan    ;945000;Astrakhan;gasoline;manual;FWD;95000;FR;1.6;82;4
404;Nissan;Teana    ;830000;Astrakhan;gasoline;CVT;FWD;234364;JP;2.5;182;16
405;Hyundai;Tucson    ;3500000;Astrakhan;diesel;automatic;4WD;23000;KR;2.0;186;3
406;Lifan;Breez    ;160000;Astrakhan;gasoline;manual;FWD;157000;CN;1.3;89;14
407;Nissan;Note    ;1420000;Astrakhan;hybrid;automatic;FWD;97500;JP;1.2;79;7
408;GAZ;3110 Volga   ;75000;Surgut;gasoline;manual;RWD;112000;RUS;2.4;100;24
409;Hyundai;Solaris    ;1130000;Astrakhan;gasoline;automatic;FWD;109380;KR;1.6;123;11
410;Nissan;Tiida    ;969000;Astrakhan;gasoline;automatic;FWD;115692;JP;1.6;110;16
411;Renault;Logan Stepway   ;1080000;Astrakhan;gasoline;manual;FWD;131547;FR;1.6;82;5
412;GAZ;3110 Volga   ;95000;Tomsk;gasoline;manual;RWD;299000;RUS;2.4;90;24
413;Opel;Vectra    ;950000;Astrakhan;gasoline;automatic;FWD;185000;DE;2.2;155;16
414;Kia;Picanto    ;655000;Astrakhan;gasoline;manual;FWD;131000;KR;1.0;69;13
415;Hyundai;Tucson    ;4300000;Astrakhan;diesel;automatic;4WD;4500;KR;2.0;186;2
416;Toyota;Corolla    ;1180000;Astrakhan;gasoline;automatic;FWD;200000;JP;1.6;124;12
417;Mazda;Mazda6    ;880000;Astrakhan;gasoline;manual;FWD;233000;JP;1.8;120;16
418;Li;L9    ;7300000;Astrakhan;hybrid;automatic;4WD;50;CN;1.5;154;1
419;Hyundai;Solaris    ;870000;Astrakhan;gasoline;automatic;FWD;213620;KR;1.4;107;13
420;Lexus;LX570    ;3800000;Astrakhan;gasoline;automatic;4WD;313000;JP;5.7;367;13
421;Haval;F7    ;2930000;Astrakhan;gasoline;robot;4WD;35000;CN;2.0;190;2
422;Hyundai;Solaris    ;1675000;Astrakhan;gasoline;automatic;FWD;103199;KR;1.6;123;5
423;Kia;Optima    ;2250000;Astrakhan;gasoline;automatic;FWD;110000;KR;2.4;188;6
424;Ford;Kuga    ;1300000;Astrakhan;gasoline;automatic;4WD;205000;USA;2.5;200;14
425;Lexus;RX300    ;5199000;Astrakhan;gasoline;automatic;FWD;60141;JP;2.0;238;4
426;GAZ;3110 Volga   ;155000;Tomsk;gasoline;manual;RWD;257000;RUS;2.4;80;21
427;Hyundai;Solaris    ;1650000;Astrakhan;gasoline;automatic;FWD;81000;KR;1.6;123;6
428;Kia;Magentis    ;565000;Astrakhan;gasoline;automatic;FWD;270000;KR;2.0;145;17
429;Hyundai;Creta    ;1990000;Astrakhan;gasoline;automatic;FWD;40235;KR;1.6;123;4
430;Mazda;Mazda3    ;479000;Astrakhan;gasoline;manual;FWD;321144;JP;1.6;105;18
431;Volkswagen;Polo    ;1420000;Astrakhan;gasoline;manual;FWD;102000;DE;1.6;90;4
432;Peugeot;206;180000;Astrakhan;gasoline;manual;FWD;200000;FR;1.1;60;23
433;GAZ;3110 Volga   ;80000;Tomsk;gasoline;manual;RWD;170345;RUS;2.4;100;24
434;Hyundai;i30    ;1250000;Astrakhan;gasoline;automatic;FWD;120000;KR;1.6;130;10
435;Geely;Coolray    ;1852900;Astrakhan;gasoline;robot;FWD;31063;CN;1.5;150;4
436;Toyota;Vitz    ;1300000;Astrakhan;gasoline;CVT;FWD;78000;JP;1.0;69;6
437;BMW;5-Series    ;250000;Astrakhan;gasoline;manual;RWD;300000;DE;2.0;125;40
438;Kia;Carnival    ;3720000;Astrakhan;diesel;automatic;FWD;67000;KR;2.2;202;6
439;Renault;Koleos    ;3100000;Astrakhan;gasoline;CVT;4WD;68614;FR;2.0;144;5
440;SsangYong;Torres    ;4120000;Astrakhan;gasoline;automatic;4WD;26100;KR ;1.5;170;2
441;Jeep;Wrangler    ;7500000;Astrakhan;gasoline;automatic;4WD;30000;USA;2.0;272;5
442;Jeep;Wrangler    ;6900000;Astrakhan;gasoline;automatic;4WD;24000;USA;2.0;272;5
443;Hyundai;Santa Fe   ;3380000;Astrakhan;diesel;automatic;FWD;57198;KR;2.0;186;5
444;Kia;Sorento    ;3230000;Astrakhan;diesel;automatic;4WD;71360;KR;2.0;186;6
445;Kia;Sportage    ;2680000;Astrakhan;diesel;automatic;FWD;76259;KR;2.0;186;5
446;Kia;Morning    ;1380000;Astrakhan;gasoline;automatic;FWD;30381;KR;1.0;100;6
447;Toyota;Probox    ;1430000;Astrakhan;gasoline;CVT;FWD;107990;JP;1.3;95;5
448;Kia;Seltos    ;2430000;Astrakhan;gasoline;robot;FWD;78928;KR;1.6;177;3
449;Mazda;CX-5    ;3080000;Astrakhan;gasoline;automatic;4WD;88439;JP;2.5;194;6
450;Toyota;Tank    ;1380000;Astrakhan;gasoline;CVT;FWD;86000;JP;1.0;69;7
451;Daihatsu;Boon    ;1230000;Astrakhan;gasoline;CVT;FWD;49360;JP;1.0;69;5
452;Infiniti;FX30d    ;2530000;Astrakhan;diesel;automatic;4WD;136748;JP;3.0;238;12
453;Ford;Escape    ;1590000;Astrakhan;gasoline;automatic;4WD;136279;USA;1.6;178;11
454;Toyota;Roomy    ;1410000;Astrakhan;gasoline;CVT;FWD;90470;JP;1.0;69;8
455;Nissan;Serena    ;2500000;Astrakhan;hybrid;CVT;FWD;95560;JP;2.0;150;8
456;Kia;Ceed    ;1970000;Astrakhan;gasoline;automatic;FWD;76222;KR;1.6;128;6
457;Mercedes-Benz;M-Class    ;2990000;Astrakhan;gasoline;automatic;4WD;177000;DE;3.5;306;12
458;Mercedes-Benz;GLE    ;5960000;Astrakhan;diesel;automatic;4WD;89785;DE;3.0;249;7
459;Hyundai;Solaris    ;1249990;Astrakhan;gasoline;automatic;FWD;162302;KR;1.6;123;10
460;Hyundai;Creta    ;1999990;Astrakhan;gasoline;automatic;FWD;109023;KR;1.6;123;4
461;Mitsubishi;Lancer    ;785000;Astrakhan;gasoline;automatic;FWD;217000;JP;1.5;109;16
462;Toyota;Passo    ;1400000;Astrakhan;gasoline;CVT;FWD;18600;JP;1.0;69;5
463;Kia;Sorento    ;2600000;Astrakhan;gasoline;automatic;4WD;78856;KR;2.4;175;7
464;Toyota;Noah    ;2150000;Astrakhan;gasoline;CVT;FWD;123000;JP;2.0;152;8
465;Toyota;Camry    ;1990000;Astrakhan;gasoline;automatic;FWD;217000;JP;2.5;181;11
466;Hyundai;Sonata    ;1790000;Astrakhan;gasoline;automatic;FWD;68000;KR;2.0;245;9
467;GAZ;3110 Volga   ;75000;Tomsk;gasoline;manual;RWD;160073;RUS;2.4;100;26
468;Kia;Spectra    ;545000;Astrakhan;gasoline;manual;FWD;215000;KR;2.0;138;17
469;Kia;Spectra    ;495000;Astrakhan;gasoline;manual;FWD;215000;KR;1.6;101;16
470;Chrysler;Town and Country  ;895000;Astrakhan;gasoline;automatic;FWD;225000;USA;3.8;215;21
471;Skoda;Octavia    ;1185000;Astrakhan;gasoline;manual;FWD;165000;CZ;1.6;110;10
472;Haval;F7    ;2999999;Astrakhan;gasoline;robot;4WD;1263;CN;1.5;150;1
473;Lexus;RX350    ;1400000;Astrakhan;gasoline;automatic;4WD;279840;JP;3.5;276;18
474;Lexus;ES250    ;4190000;Astrakhan;gasoline;automatic;FWD;66602;JP;2.5;200;4
475;Mitsubishi;Outlander    ;1950000;Astrakhan;gasoline;CVT;4WD;73000;JP;2.0;146;8
476;GAZ;3110 Volga   ;80000;Ufa;gasoline;manual;RWD;107700;RUS;2.4;100;26
477;GAZ;3110 Volga   ;175000;Ufa;gasoline;manual;RWD;124000;RUS;2.3;130;22
478;Kia;Rio    ;1550000;Astrakhan;gasoline;automatic;FWD;97224;KR;1.6;123;6
479;Hyundai;Creta    ;1735000;Astrakhan;gasoline;automatic;FWD;101211;KR;1.6;123;7
480;Chevrolet;Cruze    ;750000;Astrakhan;gasoline;manual;FWD;293295;USA;1.6;109;12
481;Chery;Tiggo 5   ;1295000;Astrakhan;gasoline;CVT;FWD;111111;CN;2.0;136;7
482;Mercedes-Benz;C-Class    ;1750000;Astrakhan;gasoline;automatic;RWD;178000;DE;1.6;156;12
483;BMW;5-Series    ;3950000;Astrakhan;diesel;automatic;4WD;92000;DE;2.0;190;7
484;Honda;Accord    ;1100000;Astrakhan;gasoline;automatic;FWD;274577;JP;2.4;190;17
485;Hyundai;ix35    ;1550000;Astrakhan;gasoline;automatic;FWD;120000;KR;2.0;150;10
486;GAZ;3110 Volga   ;100000;Khabarovsk;gasoline;manual;RWD;257000;RUS;2.3;130;23
487;Great;Wall Hover H3  ;750000;Astrakhan;gasoline;manual;4WD;97869;CN;2.0;122;14
488;Kia;Soul    ;1499000;Astrakhan;gasoline;automatic;FWD;178000;KR;1.6;124;10
489;GAZ;3110 Volga   ;999000;Chelyabinsk;gasoline;manual;RWD;43551;RUS;2.4;100;26
490;Land Rover;Rover Discovery   ;1790000;Astrakhan;diesel;automatic;4WD;231000;UK;3.0;245;12
491;Toyota;Corolla    ;1320000;Astrakhan;gasoline;automatic;FWD;140000;JP;1.6;124;11
492;Toyota;Camry    ;2350000;Astrakhan;gasoline;automatic;FWD;191000;JP;2.5;181;10
493;Kia;Sorento    ;2390000;Astrakhan;gasoline;automatic;FWD;199104;KR;2.4;175;4
494;Kia;Rio X (X-Line)  ;2150000;Astrakhan;gasoline;automatic;FWD;15800;KR;1.6;123;2
495;Rover;400;150000;Astrakhan;gasoline;manual;FWD;300000;UK;2.0;134;26
496;Mazda;323;265000;Astrakhan;gasoline;manual;FWD;343900;JP;1.6;95;21
497;Haval;Jolion    ;2190000;Astrakhan;gasoline;robot;FWD;7201;CN;1.5;143;2
498;Kia;Rio    ;1585900;Astrakhan;gasoline;automatic;FWD;57033;KR;1.6;123;6
499;Hyundai;Accent    ;320000;Astrakhan;gasoline;manual;FWD;210000;KR;1.6;103;19
500;Hyundai;Tucson    ;2800000;Astrakhan;gasoline;automatic;FWD;40000;KR;2.0;150;4
501;Kia;Soul    ;1740000;Astrakhan;gasoline;automatic;FWD;103000;KR;1.6;124;8
502;Toyota;Camry    ;4250000;Astrakhan;gasoline;automatic;FWD;63;JP;2.5;206;1
503;Chevrolet;Spark    ;330000;Astrakhan;gasoline;manual;FWD;139000;USA;0.8;51;17
504;Ravon;R4    ;850000;Astrakhan;gasoline;manual;FWD;130000;UZ;1.5;106;7
505;GAZ;3110 Volga   ;130000;Chita;gasoline;manual;RWD;52799;RUS;2.4;100;22
506;Toyota;Prius    ;1950000;Astrakhan;hybrid;CVT;FWD;148000;JP;1.8;98;8
507;Hyundai;Solaris    ;1670000;Astrakhan;gasoline;automatic;FWD;87196;KR;1.6;123;6
508;Toyota;Land Cruiser Prado  ;1650000;Astrakhan;gasoline;automatic;4WD;217852;JP;4.0;249;20
509;Toyota;Corolla    ;2260000;Astrakhan;gasoline;CVT;FWD;11268;JP;1.6;122;3
510;Nissan;Juke    ;1230000;Astrakhan;gasoline;CVT;FWD;137414;JP;1.6;117;12
511;Renault;Sandero Stepway   ;875000;Astrakhan;gasoline;automatic;FWD;168474;FR;1.6;103;13
512;Lifan;Smily    ;365000;Astrakhan;gasoline;manual;FWD;134530;CN;1.3;89;13
513;Mitsubishi;ASX    ;1400000;Astrakhan;gasoline;CVT;FWD;159251;JP;1.8;140;10
514;Nissan;Qashqai    ;995000;Astrakhan;gasoline;CVT;FWD;207333;JP;2.0;141;14
515;Mazda;Mazda6    ;830000;Astrakhan;gasoline;manual;FWD;146667;JP;1.8;120;13
516;Toyota;Camry    ;1920000;Astrakhan;gasoline;automatic;FWD;198745;JP;2.5;181;9
517;SsangYong;Actyon    ;850000;Astrakhan;diesel;automatic;FWD;187852;KR ;2.0;149;13
518;GAZ;3110 Volga   ;55000;Chita;gasoline;manual;RWD;100000;RUS;2.3;145;26
519;Infiniti;FX35    ;955000;Astrakhan;gasoline;automatic;RWD;250000;JP;3.5;280;20
520;Toyota;Camry    ;3200000;Astrakhan;gasoline;automatic;FWD;77000;JP;2.5;181;5
521;GAZ;3110 Volga   ;120000;Chita;gasoline;manual;RWD;235000;RUS;2.3;130;23
522;Toyota;Camry    ;3360000;Astrakhan;gasoline;automatic;FWD;34341;JP;2.5;200;3
523;GAZ;3110 Volga   ;215000;Chita;gasoline;manual;RWD;250;RUS;2.4;100;24
524;GAZ;31105 Volga   ;250000;Barnaul;gasoline;manual;RWD;450000;RUS;2.4;137;17
525;Ford;Focus    ;510000;Astrakhan;gasoline;manual;FWD;223000;USA;1.6;100;18
526;Mercedes-Benz;GL-Class    ;3100000;Astrakhan;gasoline;automatic;4WD;182000;DE;3.0;333;10
527;Chevrolet;Niva    ;630000;Astrakhan;gasoline;manual;4WD;272000;USA;1.7;80;11
528;Hyundai;Solaris    ;799000;Astrakhan;gasoline;manual;FWD;200085;KR;1.6;123;10
529;Hyundai;Santa Fe   ;4780000;Astrakhan;diesel;automatic;4WD;67904;KR;2.2;200;6
530;Mazda;CX-7    ;1051900;Astrakhan;gasoline;automatic;4WD;175086;JP;2.3;238;13
531;Skoda;Octavia    ;2350000;Astrakhan;gasoline;robot;FWD;109000;CZ;1.8;180;5
532;Hyundai;Solaris    ;1539000;Astrakhan;gasoline;manual;FWD;64125;KR;1.6;123;5
533;Skoda;Octavia    ;1560000;Astrakhan;gasoline;automatic;FWD;126332;CZ;1.6;110;7
534;Volkswagen;Polo    ;790000;Astrakhan;gasoline;manual;FWD;136000;DE;1.6;105;11
535;Toyota;Camry    ;3899000;Astrakhan;gasoline;automatic;FWD;3078;JP;2.5;202;2
536;Nissan;Qashqai    ;1435900;Astrakhan;gasoline;CVT;FWD;128132;JP;2.0;144;10
537;Ford;Focus    ;800000;Astrakhan;gasoline;robot;FWD;169258;USA;1.6;125;13
538;Nissan;X-Trail    ;1270000;Astrakhan;gasoline;CVT;4WD;209532;JP;2.5;169;13
539;Mazda;CX-5    ;1795000;Astrakhan;diesel;automatic;4WD;92561;JP;2.2;150;9
540;Mazda;CX-7    ;830000;Astrakhan;gasoline;automatic;FWD;151500;JP;2.3;238;17
541;Renault;Kaptur    ;1625000;Astrakhan;gasoline;CVT;FWD;72461;FR;1.6;114;7
542;GAZ;31105 Volga   ;90000;Barnaul;gasoline;manual;RWD;170060;RUS;2.3;131;20
543;Toyota;RAV4    ;4000000;Astrakhan;gasoline;automatic;4WD;58112;JP;2.5;205;4
544;Renault;Logan Stepway   ;1120000;Astrakhan;gasoline;manual;FWD;106041;FR;1.6;82;5
545;Hyundai;Getz    ;670000;Astrakhan;gasoline;automatic;FWD;211979;KR;1.4;97;17
546;Mazda;Mazda3    ;930000;Astrakhan;gasoline;automatic;FWD;191840;JP;1.6;105;14
547;SsangYong;Actyon    ;1050000;Astrakhan;gasoline;automatic;FWD;130752;KR ;2.0;149;12
548;Hyundai;Solaris    ;1750000;Astrakhan;gasoline;automatic;FWD;54123;KR;1.6;123;5
549;Toyota;Camry    ;2300000;Astrakhan;gasoline;automatic;FWD;143254;JP;2.5;181;9
550;Honda;Accord    ;1250000;Astrakhan;gasoline;automatic;FWD;175356;JP;2.4;200;13
551;Nissan;Juke    ;1180000;Astrakhan;gasoline;CVT;FWD;87124;JP;1.6;117;12
552;Toyota;Corolla    ;1670000;Astrakhan;gasoline;CVT;FWD;73112;JP;1.6;122;7
553;Toyota;Corolla    ;1200000;Astrakhan;gasoline;automatic;FWD;165348;JP;1.6;124;12
554;Mercedes-Benz;GLE    ;3800000;Astrakhan;diesel;automatic;4WD;189274;DE;3.0;249;8
555;Chevrolet;Lacetti    ;655000;Astrakhan;gasoline;manual;FWD;164532;USA;1.6;109;12
556;Ford;Focus    ;1250000;Astrakhan;gasoline;robot;FWD;89581;USA;1.6;105;6
557;Kia;Soul    ;1890000;Astrakhan;gasoline;automatic;FWD;116148;KR;2.0;150;7
558;Toyota;Camry    ;1185000;Astrakhan;gasoline;automatic;FWD;289921;JP;2.4;167;17
559;Nissan;Micra    ;565000;Astrakhan;gasoline;automatic;FWD;114542;JP;1.2;80;18
560;Mitsubishi;Outlander    ;1390000;Astrakhan;gasoline;CVT;4WD;183550;JP;2.0;147;13
561;Mitsubishi;Outlander    ;1730000;Astrakhan;gasoline;CVT;4WD;139402;JP;2.0;146;8
562;Kia;Rio    ;1390000;Astrakhan;gasoline;automatic;FWD;146257;KR;1.6;123;7
563;Ford;Focus    ;920000;Astrakhan;gasoline;robot;FWD;178976;USA;1.6;125;13
564;Renault;Arkana    ;2040000;Astrakhan;gasoline;CVT;FWD;32258;FR;1.6;114;5
565;Hyundai;Santa Fe   ;1595000;Astrakhan;diesel;automatic;4WD;178524;KR;2.2;197;13
566;Toyota;Camry    ;1770000;Astrakhan;gasoline;automatic;FWD;158463;JP;2.0;150;9
567;Skoda;Rapid    ;1670000;Astrakhan;gasoline;automatic;FWD;38254;CZ;1.6;110;3
568;Geely;Emgrand EC7   ;440000;Astrakhan;gasoline;manual;FWD;255987;CN;1.5;98;11
569;Mazda;CX-5    ;1650000;Astrakhan;gasoline;automatic;FWD;138287;JP;2.0;150;13
570;Mercedes-Benz;M-Class    ;2900000;Astrakhan;gasoline;automatic;4WD;293413;DE;3.5;306;11
571;Kia;Ceed    ;690000;Astrakhan;gasoline;manual;FWD;184432;KR;1.6;122;15
572;Kia;Soul    ;1770000;Astrakhan;gasoline;automatic;FWD;93582;KR;2.0;150;6
573;Nissan;Note    ;730000;Astrakhan;gasoline;CVT;FWD;168684;JP;1.5;109;12
574;Kia;Rio    ;785000;Astrakhan;gasoline;manual;FWD;166895;KR;1.4;107;13
575;Opel;Astra    ;850000;Astrakhan;gasoline;automatic;FWD;105368;DE;1.8;140;13
576;Kia;Cerato    ;1595000;Astrakhan;gasoline;automatic;FWD;89255;KR;2.0;150;7
577;Honda;Civic    ;759000;Astrakhan;gasoline;robot;FWD;163449;JP;1.8;140;17
578;Daewoo;Gentra    ;620000;Astrakhan;gasoline;manual;FWD;122642;KR;1.5;107;10
579;Hyundai;Getz    ;389000;Astrakhan;gasoline;automatic;FWD;240356;KR;1.3;82;20
580;Hyundai;Matrix    ;615000;Astrakhan;gasoline;automatic;FWD;244066;KR;1.6;103;21
581;Renault;Logan Stepway   ;1250000;Astrakhan;gasoline;manual;FWD;93422;FR;1.6;82;5
582;Datsun;on-DO    ;525000;Astrakhan;gasoline;manual;FWD;199355;JP;1.6;87;8
583;Renault;Fluence    ;689000;Astrakhan;gasoline;automatic;FWD;230743;FR;1.6;106;12
584;GAZ;31105 Volga   ;260000;Yekaterinburg;gasoline;manual;RWD;175000;RUS;2.4;137;16
585;Kia;Optima    ;1970000;Astrakhan;gasoline;automatic;FWD;105131;KR;2.4;188;6
586;Toyota;Corolla    ;1050000;Astrakhan;gasoline;automatic;FWD;248193;JP;1.6;124;11
587;Nissan;Juke    ;1230000;Astrakhan;gasoline;CVT;FWD;135442;JP;1.6;117;12
588;Toyota;Camry    ;1550000;Astrakhan;gasoline;automatic;FWD;176466;JP;2.0;148;12
589;Toyota;RAV4    ;1750000;Astrakhan;gasoline;CVT;4WD;158203;JP;2.0;146;10
590;Mitsubishi;Pajero    ;1440000;Astrakhan;gasoline;automatic;4WD;192768;JP;3.8;250;16
591;Opel;Astra    ;885000;Astrakhan;gasoline;automatic;FWD;157306;DE;1.6;180;11
592;Toyota;Corolla    ;1200000;Astrakhan;gasoline;automatic;FWD;119755;JP;1.6;124;14
593;GAZ;31105 Volga   ;145000;Makhachkala;gasoline;manual;RWD;230000;RUS;2.4;137;18
594;Kia;Ceed    ;1700000;Astrakhan;gasoline;automatic;FWD;116136;KR;1.6;130;6
595;Toyota;RAV4    ;1230000;Astrakhan;gasoline;automatic;4WD;175284;JP;2.0;152;16
596;Nissan;Rogue    ;2250000;Astrakhan;gasoline;CVT;4WD;100984;JP;2.5;170;7
597;Hyundai;Solaris    ;950000;Astrakhan;gasoline;manual;FWD;186316;KR;1.6;123;11
598;Hyundai;Solaris    ;1100000;Astrakhan;gasoline;automatic;FWD;98254;KR;1.6;123;10
599;SsangYong;Kyron    ;975000;Astrakhan;gasoline;automatic;4WD;148710;KR ;2.3;150;11
600;Opel;Astra    ;390000;Astrakhan;gasoline;robot;FWD;249000;DE;1.6;115;16
601;Kia;Rio    ;920000;Astrakhan;gasoline;automatic;FWD;130000;KR;1.6;123;13
602;Renault;Logan    ;1190000;Astrakhan;gasoline;manual;FWD;111000;FR;1.6;113;4
603;Kia;Cerato    ;870000;Astrakhan;gasoline;manual;FWD;187590;KR;1.6;126;12
604;Chevrolet;Spark    ;700000;Astrakhan;gasoline;automatic;FWD;152000;USA;1.0;67;12
605;GAZ;31105 Volga   ;109000;Nizhny Novgorod;gasoline;manual;RWD;290336;RUS;2.3;131;18
606;Kia;Cerato    ;1390000;Astrakhan;gasoline;automatic;FWD;192000;KR;2.0;150;9
607;Audi;A4    ;320000;Astrakhan;gasoline;manual;FWD;250000;DE;1.8;125;26
608;Volkswagen;Golf    ;1450000;Astrakhan;gasoline;robot;FWD;169000;DE;1.4;150;11
609;Opel;Antara    ;1630000;Astrakhan;diesel;automatic;4WD;158448;DE;2.2;184;10
610;Toyota;RAV4    ;2890000;Astrakhan;diesel;automatic;4WD;130044;JP;2.2;150;5
611;BMW;5-Series    ;2700000;Astrakhan;gasoline;automatic;RWD;118000;DE;2.0;245;12
612;Hyundai;Accent    ;290000;Astrakhan;gasoline;manual;FWD;267000;KR;1.5;90;18
613;Chery;Tiggo 8   ;2100000;Astrakhan;gasoline;robot;FWD;43434;CN;1.5;147;3
614;Nissan;Patrol    ;1000000;Astrakhan;gasoline;manual;4WD;240000;JP;4.2;170;34
615;Haval;Jolion    ;2150000;Astrakhan;gasoline;robot;4WD;81501;CN;1.5;150;3
616;GAZ;31105 Volga   ;300000;Novosibirsk;gasoline;manual;RWD;108500;RUS;2.3;131;18
617;Toyota;Camry    ;3150000;Astrakhan;gasoline;automatic;FWD;87700;JP;2.5;202;4
618;Kia;Rio    ;1415000;Astrakhan;gasoline;automatic;FWD;130000;KR;1.6;123;7
619;Hyundai;Creta    ;1600000;Astrakhan;gasoline;manual;FWD;72093;KR;1.6;123;7
620;Hyundai;Creta    ;1933000;Astrakhan;gasoline;automatic;FWD;56000;KR;1.6;123;5
621;Suzuki;Spacia    ;890000;Astrakhan;gasoline;CVT;FWD;106300;JP;0.7;52;11
622;Volkswagen;Polo    ;799900;Astrakhan;gasoline;manual;FWD;139900;DE;1.6;105;9
623;GAZ;31105 Volga   ;153900;Samara;gasoline;manual;RWD;232000;RUS;2.4;137;18
624;Hyundai;Santa Fe   ;3539000;Astrakhan;diesel;automatic;FWD;62718;KR;2.0;186;6
625;Kia;Sportage    ;1795000;Astrakhan;gasoline;automatic;4WD;149000;KR;2.0;150;10
626;Kia;Rio    ;1039000;Astrakhan;gasoline;automatic;FWD;134215;KR;1.6;123;11
627;Renault;Logan    ;690000;Astrakhan;gasoline;manual;FWD;158000;FR;1.6;82;6
628;Nissan;Almera    ;689000;Astrakhan;gasoline;manual;FWD;158000;JP;1.6;102;6
629;Kia;Rio    ;399000;Astrakhan;gasoline;automatic;FWD;360000;KR;1.5;98;21
630;Volkswagen;Passat    ;650000;Astrakhan;diesel;robot;FWD;187000;DE;2.0;140;16
631;Hyundai;Solaris    ;600000;Astrakhan;gasoline;manual;FWD;230000;KR;1.4;107;11
632;Toyota;Echo    ;535000;Astrakhan;gasoline;automatic;FWD;181000;JP;1.5;108;22
633;Renault;Logan    ;695000;Astrakhan;gasoline;manual;FWD;167000;FR;1.4;75;10
634;Nissan;Note    ;599000;Astrakhan;gasoline;automatic;FWD;240000;JP;1.6;110;18
635;Volkswagen;Tiguan    ;1390000;Astrakhan;gasoline;automatic;4WD;166000;DE;2.0;170;13
636;Suzuki;Solio    ;1285000;Astrakhan;gasoline;CVT;FWD;95000;JP;1.2;91;7
637;Renault;Sandero    ;730000;Astrakhan;gasoline;manual;FWD;163000;FR;1.4;75;11
638;Nissan;Almera Classic   ;565000;Astrakhan;gasoline;manual;FWD;170000;JP;1.6;107;18
639;Kia;Rio    ;895000;Astrakhan;gasoline;manual;FWD;176000;KR;1.6;123;11
640;Volkswagen;Touareg    ;3200000;Astrakhan;gasoline;automatic;4WD;138000;DE;3.6;249;9
641;Ford;Kuga    ;1950000;Astrakhan;gasoline;automatic;4WD;139000;USA;1.6;150;7
642;Nissan;Tiida    ;755000;Astrakhan;gasoline;automatic;FWD;174000;JP;1.6;110;17
643;Renault;Megane    ;1199000;Astrakhan;gasoline;manual;FWD;34000;FR;1.6;106;10
644;Chevrolet;Cruze    ;649900;Astrakhan;gasoline;manual;FWD;270000;USA;1.6;109;14
645;Hyundai;Solaris    ;950000;Astrakhan;gasoline;automatic;FWD;187000;KR;1.6;123;13
646;GAZ;31105 Volga   ;80000;Tomsk;gasoline;manual;RWD;170000;RUS;2.3;131;19
647;Nissan;Almera    ;735000;Astrakhan;gasoline;manual;FWD;143000;JP;1.6;102;7
648;Kia;Sportage    ;1950000;Astrakhan;gasoline;automatic;4WD;149000;KR;2.0;150;10
649;Opel;Astra    ;965000;Astrakhan;gasoline;automatic;FWD;178000;DE;1.4;140;12
650;Volkswagen;Polo    ;1160000;Astrakhan;gasoline;automatic;FWD;107000;DE;1.6;110;7
651;Hyundai;Solaris    ;1150000;Astrakhan;gasoline;automatic;FWD;161000;KR;1.4;107;9
652;Hyundai;Solaris    ;750000;Astrakhan;gasoline;manual;FWD;185000;KR;1.4;107;12
653;Hyundai;Solaris    ;1170000;Astrakhan;gasoline;automatic;FWD;105000;KR;1.6;123;9
654;Mazda;Mazda3    ;1545000;Astrakhan;gasoline;automatic;FWD;80253;JP;1.5;120;7
655;Toyota;Camry    ;1895000;Astrakhan;gasoline;automatic;FWD;191000;JP;2.0;148;12
656;Renault;Logan    ;1280000;Astrakhan;gasoline;automatic;FWD;88000;FR;1.6;102;6
657;Hyundai;Accent    ;320000;Astrakhan;gasoline;manual;FWD;323000;KR;1.5;102;20
658;Hyundai;Solaris    ;880000;Astrakhan;gasoline;automatic;FWD;90000;KR;1.6;123;11
659;Honda;Stream    ;490000;Astrakhan;gasoline;automatic;FWD;177000;JP;2.0;156;22
660;Porsche;Cayenne    ;22000000;Astrakhan;gasoline;automatic;4WD;19;DE;2.9;440;2
661;Kia;Rio    ;1250000;Astrakhan;gasoline;manual;FWD;139000;KR;1.6;123;7
662;Porsche;Cayenne    ;17700000;Astrakhan;gasoline;automatic;4WD;16;DE;3.0;340;2
663;Porsche;Cayenne    ;20100000;Astrakhan;gasoline;automatic;4WD;17;DE;2.9;440;2
664;BMW;4-Series    ;9999999;Astrakhan;diesel;automatic;4WD;25;DE;2.0;190;2
665;Porsche;Cayenne    ;17050000;Astrakhan;gasoline;automatic;4WD;17;DE;3.0;340;2
666;Chery;Tiggo T11   ;999990;Astrakhan;gasoline;CVT;FWD;66992;CN;1.6;126;10
667;Hyundai;Palisade    ;5000000;Astrakhan;diesel;automatic;FWD;46100;KR;2.2;202;4
668;Ford;Mondeo    ;850000;Astrakhan;gasoline;automatic;FWD;170000;USA;2.3;161;14
669;Hyundai;Palisade    ;5200000;Astrakhan;diesel;automatic;FWD;15600;KR;2.2;202;4
670;Hyundai;Creta    ;1950000;Astrakhan;gasoline;automatic;FWD;92500;KR;2.0;149;5
671;Kia;Rio    ;1199990;Astrakhan;gasoline;automatic;FWD;58957;KR;1.6;123;12
672;Kia;Ceed    ;900000;Astrakhan;gasoline;automatic;FWD;170000;KR;2.0;143;13
673;Chevrolet;Cruze    ;850000;Astrakhan;gasoline;automatic;FWD;188000;USA;1.8;141;11
674;Kia;Sportage    ;2399000;Astrakhan;gasoline;automatic;FWD;43396;KR;2.0;150;6
675;Ford;EcoSport    ;999900;Astrakhan;gasoline;automatic;FWD;163000;USA;1.6;122;10
676;Ford;Focus    ;449900;Astrakhan;gasoline;manual;FWD;212000;USA;1.8;125;15
677;Kia;Rio    ;1769000;Astrakhan;gasoline;automatic;FWD;65993;KR;1.6;123;5
678;Porsche;Cayenne    ;20300000;Astrakhan;gasoline;automatic;4WD;17;DE;2.9;440;2
679;Jeep;Renegade    ;2400000;Astrakhan;gasoline;automatic;4WD;110000;USA;2.4;175;6
680;Mazda;Mazda6    ;900000;Astrakhan;gasoline;automatic;FWD;188000;JP;2.0;147;16
681;Hyundai;Santa Fe   ;3150000;Astrakhan;gasoline;automatic;FWD;63000;KR;2.0;235;6
682;Toyota;Camry    ;1790000;Astrakhan;gasoline;automatic;FWD;230000;JP;2.5;181;13
683;Geely;MK    ;280000;Astrakhan;gasoline;manual;FWD;150000;CN;1.5;94;11
684;Mitsubishi;Pajero    ;1790000;Astrakhan;gasoline;automatic;4WD;310000;JP;3.0;178;17
685;Toyota;Corolla    ;865000;Astrakhan;gasoline;robot;FWD;187000;JP;1.6;124;17
686;Nissan;Teana    ;1750000;Astrakhan;gasoline;CVT;FWD;174000;JP;2.5;173;10
687;Toyota;Camry    ;2200000;Astrakhan;gasoline;automatic;FWD;37000;JP;2.5;203;7
688;Nissan;Juke    ;1210000;Astrakhan;gasoline;CVT;4WD;158000;JP;1.6;190;12
689;Toyota;Vellfire    ;4350000;Astrakhan;gasoline;CVT;FWD;123000;JP;2.5;182;7
690;GAZ;31105 Volga   ;220000;Khabarovsk;gasoline;manual;RWD;123000;RUS;2.3;96;20
691;Volkswagen;Tiguan    ;1640000;Astrakhan;gasoline;automatic;4WD;174500;DE;2.0;170;11
692;Nissan;Armada    ;1300000;Astrakhan;gasoline;automatic;4WD;156000;JP;5.6;305;19
693;GAZ;31105 Volga   ;100000;Khabarovsk;gasoline;manual;RWD;500000;RUS;2.3;96;20
694;Toyota;Camry    ;3100000;Astrakhan;gasoline;automatic;FWD;82300;JP;2.5;181;4
695;Hyundai;Sonata    ;2570000;Astrakhan;gasoline;automatic;FWD;67425;KR;2.0;150;3
696;GAZ;31105 Volga   ;225000;Chita;gasoline;manual;RWD;20000;RUS;2.4;95;18
697;Renault;Kaptur    ;1565000;Astrakhan;gasoline;CVT;FWD;95500;FR;1.6;114;6
698;Honda;Civic Ferio   ;430000;Astrakhan;gasoline;automatic;FWD;150000;JP;1.5;105;23
699;GAZ;31105 Volga   ;305000;Chita;gasoline;manual;RWD;100000;RUS;2.4;95;19
700;Opel;Meriva    ;960000;Astrakhan;gasoline;automatic;FWD;133206;DE;1.4;120;12
701;Ford;Focus    ;430000;Astrakhan;gasoline;automatic;FWD;490000;USA;2.0;130;23
702;Ford;Explorer    ;1690000;Astrakhan;gasoline;automatic;FWD;325000;USA;2.0;240;12
703;Kia;Ceed    ;1080000;Astrakhan;gasoline;automatic;FWD;163010;KR;1.6;129;9
704;Toyota;Corolla Verso   ;925000;Astrakhan;gasoline;robot;FWD;190000;JP;1.8;129;16
705;BMW;5-Series    ;2190000;Astrakhan;gasoline;automatic;RWD;205000;DE;2.0;184;9
706;Nissan;DAYZ    ;950000;Astrakhan;gasoline;CVT;FWD;72000;JP;0.7;49;7
707;Audi;A4    ;1500000;Astrakhan;gasoline;CVT;FWD;97000;DE;1.8;120;12
708;Toyota;Tank    ;1280000;Astrakhan;gasoline;CVT;FWD;84000;JP;1.0;69;6
709;Hyundai;Accent    ;320000;Astrakhan;gasoline;manual;FWD;250000;KR;1.6;105;22
710;Hyundai;Santa Fe   ;3150000;Astrakhan;diesel;automatic;FWD;60000;KR;2.0;186;4
711;Hyundai;Lantra    ;100000;Astrakhan;gasoline;manual;FWD;424000;KR;1.6;116;28
712;Nissan;X-Trail    ;2659000;Astrakhan;gasoline;CVT;FWD;40327;JP;2.0;144;5
713;Opel;Mokka    ;1250000;Astrakhan;gasoline;manual;FWD;159500;DE;1.8;140;11
714;Audi;Q7    ;1200000;Astrakhan;gasoline;automatic;4WD;219000;DE;4.2;350;19
715;Mazda;Demio    ;700000;Astrakhan;gasoline;automatic;FWD;145000;JP;1.3;91;15
716;Ford;Focus    ;430000;Astrakhan;gasoline;manual;FWD;270000;USA;1.8;125;18
717;GAZ;31105 Volga   ;330000;Chita;gasoline;manual;RWD;113000;RUS;2.4;137;16
718;Hyundai;Solaris    ;1199000;Astrakhan;gasoline;automatic;FWD;170818;KR;1.6;123;9
719;Honda;Civic    ;2740000;Astrakhan;gasoline;automatic;FWD;67000;JP;1.6;125;4
720;Nissan;Teana    ;980000;Astrakhan;gasoline;CVT;FWD;217000;JP;3.5;249;16
721;GAZ;31105 Volga   ;250000;Chita;gasoline;manual;RWD;150000;RUS;2.4;137;17
722;Hyundai;i30    ;1250000;Astrakhan;gasoline;automatic;FWD;136000;KR;1.6;130;10
723;BMW;3-Series    ;230000;Astrakhan;gasoline;manual;RWD;300000;DE;1.8;90;36
724;Toyota;Land Cruiser Prado  ;2000000;Astrakhan;gasoline;automatic;4WD;100000;JP;4.0;249;20
725;Renault;Fluence    ;700000;Astrakhan;gasoline;manual;FWD;203576;FR;1.6;106;13
726;Nissan;Skyline    ;580000;Astrakhan;gasoline;manual;RWD;130000;JP;2.5;250;31
727;Toyota;RAV4    ;2650000;Astrakhan;gasoline;CVT;4WD;65589;JP;2.0;149;4
728;BMW;5-Series    ;2339000;Astrakhan;gasoline;automatic;RWD;162000;DE;2.0;184;9
729;Opel;Astra    ;450000;Astrakhan;gasoline;manual;FWD;185000;DE;1.8;140;16
730;Toyota;Land Cruiser Prado  ;5800000;Astrakhan;diesel;automatic;4WD;82338;JP;2.8;177;4
731;Toyota;Vitz    ;650000;Astrakhan;gasoline;CVT;FWD;172000;JP;1.0;71;19
732;Toyota;Camry    ;2540000;Astrakhan;gasoline;automatic;FWD;103477;JP;2.5;181;7
733;Daewoo;Matiz    ;199999;Astrakhan;gasoline;manual;FWD;80000;KR;0.8;51;14
734;Kia;Seltos    ;2600000;Astrakhan;gasoline;CVT;FWD;39000;KR;2.0;149;4
735;Hyundai;Solaris    ;1225000;Astrakhan;gasoline;manual;FWD;83000;KR;1.6;123;6
736;Audi;A3    ;735000;Astrakhan;gasoline;robot;FWD;169000;DE;1.2;105;13
737;Renault;Sandero    ;730000;Astrakhan;gasoline;manual;FWD;114000;FR;1.4;75;11
738;Renault;Fluence    ;850000;Astrakhan;gasoline;CVT;FWD;281000;FR;1.6;114;10
739;Ford;Focus    ;499000;Astrakhan;gasoline;manual;FWD;189000;USA;1.6;115;17
740;Nissan;Primera    ;455000;Astrakhan;gasoline;manual;FWD;258000;JP;1.8;116;20
741;Renault;Sandero    ;739000;Astrakhan;gasoline;manual;FWD;138000;FR;1.6;102;13
742;Kia;Ceed    ;1150000;Astrakhan;gasoline;manual;FWD;131000;KR;1.4;100;11
743;Kia;Venga    ;950000;Astrakhan;gasoline;automatic;FWD;167000;KR;1.6;125;12
744;Toyota;Camry    ;1969000;Astrakhan;gasoline;automatic;FWD;122643;JP;2.0;148;11
745;GAZ;31105 Volga   ;200000;Chita;gasoline;manual;RWD;163000;RUS;2.4;137;17
746;Kia;Rio X (X-Line)  ;1500000;Astrakhan;gasoline;automatic;FWD;99000;KR;1.6;123;6
747;Chevrolet;Aveo    ;696500;Astrakhan;gasoline;manual;FWD;118500;USA;1.6;115;10
748;Peugeot;406;275000;Astrakhan;gasoline;manual;FWD;240000;FR;2.0;132;26
749;Lifan;Breez    ;160000;Astrakhan;gasoline;manual;FWD;120000;CN;1.3;89;16
750;Geely;Atlas    ;2050000;Astrakhan;gasoline;automatic;4WD;71000;CN;2.4;148;5
751;Nissan;Cefiro    ;385000;Astrakhan;gasoline;automatic;FWD;239000;JP;2.0;155;24
752;Daewoo;Matiz    ;300000;Astrakhan;gasoline;manual;FWD;131340;KR;0.8;51;16
753;Ford;Mondeo    ;150000;Astrakhan;gasoline;manual;FWD;300000;USA;2.0;130;26
754;Hyundai;Accent    ;450000;Astrakhan;gasoline;manual;FWD;246000;KR;1.5;102;17
755;Toyota;RAV4    ;1869000;Astrakhan;gasoline;CVT;4WD;137215;JP;2.0;148;13
756;Lifan;Solano    ;350000;Astrakhan;gasoline;manual;FWD;271000;CN;1.6;106;14
757;SsangYong;Actyon    ;900000;Astrakhan;gasoline;automatic;FWD;175773;KR ;2.0;149;13
758;GAZ;31105 Volga   ;180000;Yakutsk;gasoline;manual;RWD;330000;RUS;2.3;131;20
759;GAZ;3111 Volga   ;530000;Voronezh;gasoline;manual;RWD;180000;RUS;2.5;150;23
760;Citroen;C4    ;1045000;Astrakhan;gasoline;automatic;FWD;79000;FR;1.6;120;11
761;GAZ;3111 Volga   ;2200000;Chelyabinsk;gasoline;manual;RWD;180000;RUS;2.5;136;22
762;Opel;Corsa    ;499000;Astrakhan;gasoline;robot;FWD;148000;DE;1.2;80;17
763;Hyundai;Creta    ;2022900;Astrakhan;gasoline;automatic;4WD;86262;KR;1.6;121;4
764;Mercedes-Benz;E-Class    ;875000;Astrakhan;gasoline;manual;RWD;350000;DE;2.2;150;31
765;Kia;Rio    ;1830000;Astrakhan;gasoline;automatic;FWD;87000;KR;1.6;123;3
766;Kia;Rio    ;1250000;Astrakhan;gasoline;automatic;FWD;54385;KR;1.5;107;8
767;Kia;Sportage    ;1865900;Astrakhan;gasoline;automatic;FWD;136749;KR;2.0;150;8
768;Hyundai;Solaris    ;1239000;Astrakhan;gasoline;automatic;FWD;123568;KR;1.6;123;10
769;Mercedes-Benz;M-Class    ;2988000;Astrakhan;gasoline;automatic;4WD;290000;DE;3.5;306;11
770;Kia;Cerato    ;1243900;Astrakhan;gasoline;automatic;FWD;100800;KR;1.6;130;11
771;Hyundai;NF    ;570000;Astrakhan;gasoline;automatic;FWD;240000;KR;2.4;161;18
772;Volkswagen;Golf Plus   ;749999;Astrakhan;gasoline;manual;FWD;180000;DE;1.6;102;17
773;Mitsubishi;Outlander    ;2970000;Astrakhan;gasoline;CVT;4WD;80000;JP;2.4;167;4
774;Toyota;Crown    ;1900000;Astrakhan;gasoline;automatic;4WD;228690;JP;3.0;256;16
775;Honda;Accord    ;110000;Astrakhan;gasoline;manual;FWD;261000;JP;2.0;96;29
776;Toyota;Camry    ;1299000;Astrakhan;gasoline;manual;FWD;187138;JP;2.4;167;16
777;Kia;Rio    ;759900;Astrakhan;gasoline;manual;FWD;199900;KR;1.6;123;12
778;Hyundai;Solaris    ;1129990;Astrakhan;gasoline;automatic;FWD;151899;KR;1.6;123;12
779;Nissan;Juke    ;1290000;Astrakhan;gasoline;CVT;FWD;100874;JP;1.6;117;10
780;Porsche;Panamera    ;10999999;Astrakhan;gasoline;robot;4WD;20744;DE;3.0;330;5
781;Kia;Rio    ;1269990;Astrakhan;gasoline;automatic;FWD;153376;KR;1.6;123;8
782;Hyundai;Solaris    ;1029990;Astrakhan;gasoline;automatic;FWD;138642;KR;1.4;107;12
783;Hyundai;Accent    ;295000;Astrakhan;gasoline;manual;FWD;185576;KR;1.5;102;18
784;GAZ;67;500000;Rostov-on-Don;gasoline;manual;4WD;10000;RUS;3.3;54;78
785;SsangYong;Actyon    ;1095000;Astrakhan;gasoline;automatic;FWD;103200;KR ;2.0;149;12
786;Opel;Insignia    ;985000;Astrakhan;gasoline;manual;FWD;211000;DE;1.8;140;16
787;Hyundai;ix35    ;1660000;Astrakhan;gasoline;manual;FWD;72000;KR;2.0;150;10
788;Hyundai;Tucson    ;3700000;Astrakhan;gasoline;automatic;4WD;9000;KR;2.0;150;3
789;Toyota;Corolla    ;1250000;Astrakhan;gasoline;automatic;FWD;147000;JP;1.6;124;12
790;Mitsubishi;Outlander    ;1750000;Astrakhan;gasoline;CVT;FWD;188000;JP;2.0;146;9
791;Toyota;Land Cruiser Prado  ;3085000;Astrakhan;gasoline;manual;4WD;191292;JP;2.7;163;8
792;Renault;Logan    ;570000;Astrakhan;gasoline;manual;FWD;240000;FR;1.6;84;14
793;Skoda;Octavia    ;760000;Astrakhan;gasoline;manual;FWD;179000;CZ;1.6;102;12
794;Opel;Vectra    ;475000;Astrakhan;gasoline;automatic;FWD;234000;DE;2.2;147;21
795;Opel;Astra GTC   ;500000;Astrakhan;gasoline;manual;FWD;210000;DE;1.6;105;18
796;Honda;CR-V    ;550000;Astrakhan;gasoline;automatic;4WD;200000;JP;2.0;130;27
797;Mitsubishi;Lancer    ;790000;Astrakhan;gasoline;CVT;FWD;245000;JP;1.8;143;16
798;Toyota;Camry    ;4000000;Astrakhan;gasoline;automatic;FWD;3000;JP;2.5;200;2
799;Hyundai;Sonata    ;1200000;Astrakhan;gasoline;automatic;FWD;270000;KR;2.0;150;13
800;GAZ;69;250000;Barnaul;gasoline;manual;4WD;1;RUS;2.1;55;62
801;Kia;Ceed    ;910000;Astrakhan;gasoline;automatic;FWD;145000;KR;1.6;122;14
802;Kia;Cerato    ;1850000;Astrakhan;gasoline;automatic;FWD;84000;KR;2.0;150;6
803;Toyota;Harrier    ;4100000;Astrakhan;gasoline;CVT;4WD;7000;JP;2.0;171;3
804;Geely;Tugella FY11   ;3050000;Astrakhan;gasoline;automatic;4WD;33312;CN;2.0;237;3
805;Ford;Focus    ;960000;Astrakhan;gasoline;robot;FWD;153000;USA;1.6;125;11
806;Renault;Arkana    ;1900000;Astrakhan;gasoline;CVT;FWD;75000;FR;1.3;149;5
807;Ford;Focus    ;520000;Astrakhan;gasoline;manual;FWD;200000;USA;1.8;125;18
808;Mercedes-Benz;E-Class    ;3500000;Astrakhan;gasoline;automatic;RWD;103000;DE;2.0;184;8
809;Subaru;Forester    ;2500000;Astrakhan;gasoline;CVT;4WD;91000;JP;2.0;150;7
810;Nissan;Cube    ;1350000;Astrakhan;gasoline;CVT;FWD;59000;JP;1.5;111;8
811;Skoda;Fabia    ;600000;Astrakhan;gasoline;manual;FWD;200000;CZ;1.2;70;13
812;Geely;Monjaro    ;3900000;Astrakhan;gasoline;automatic;4WD;41;CN;2.0;238;1
813;Renault;Fluence    ;820000;Astrakhan;gasoline;automatic;FWD;230000;FR;1.6;106;12
814;Opel;Astra    ;770000;Astrakhan;gasoline;automatic;FWD;196222;DE;1.6;115;12
815;Kia;Rio X (X-Line)  ;1780000;Astrakhan;gasoline;automatic;FWD;74000;KR;1.6;123;6
816;Geely;Emgrand    ;1730000;Astrakhan;gasoline;automatic;FWD;66529;CN;2.0;138;5
817;Renault;Koleos    ;2860000;Astrakhan;gasoline;CVT;4WD;58501;FR;2.0;144;5
818;Nissan;Almera    ;470000;Astrakhan;gasoline;automatic;FWD;175000;JP;1.8;116;19
819;Kia;Rio    ;1930000;Astrakhan;gasoline;automatic;FWD;47301;KR;1.6;123;4
820;Chevrolet;Cruze    ;985000;Astrakhan;gasoline;automatic;FWD;130463;USA;1.8;141;11
821;Toyota;Corolla    ;2295000;Astrakhan;gasoline;automatic;FWD;2000;JP;1.2;116;2
822;Renault;Logan    ;600000;Astrakhan;gasoline;manual;FWD;129000;FR;1.6;82;7
823;Kia;Rio    ;1250000;Astrakhan;gasoline;automatic;FWD;123545;KR;1.6;123;9
824;Toyota;Camry    ;2350000;Astrakhan;gasoline;automatic;FWD;232000;JP;3.5;249;9
825;Toyota;Corolla Ceres   ;350000;Astrakhan;gasoline;automatic;FWD;282700;JP;1.6;115;32
826;Mazda;Mazda3    ;942900;Astrakhan;gasoline;automatic;FWD;156733;JP;1.6;105;13
827;Renault;Sandero    ;1000000;Astrakhan;gasoline;automatic;FWD;133888;FR;1.6;105;12
828;Honda;Insight    ;2650000;Astrakhan;hybrid;CVT;FWD;35000;JP;1.5;109;5
829;Toyota;Land Cruiser   ;8300000;Astrakhan;diesel;automatic;4WD;75143;JP;4.5;248;5
830;GAZ;69;65000;Blagoveshchensk;gasoline;manual;4WD;111111;RUS;2.5;99;61
831;Kia;Rio    ;349900;Astrakhan;gasoline;manual;FWD;288000;KR;1.5;97;19
832;Nissan;Almera Classic   ;449000;Astrakhan;gasoline;manual;FWD;226335;JP;1.6;107;16
833;Daewoo;Matiz    ;360000;Astrakhan;gasoline;manual;FWD;76665;KR;0.8;51;12
834;Geely;Tugella FY11   ;2990000;Astrakhan;gasoline;automatic;FWD;57609;CN;2.0;238;5
835;Kia;Cerato    ;1780000;Astrakhan;gasoline;automatic;FWD;112057;KR;2.0;150;5
836;Mitsubishi;Lancer    ;579000;Astrakhan;gasoline;automatic;FWD;248000;JP;1.6;98;18
837;Hyundai;Solaris    ;699000;Astrakhan;gasoline;manual;FWD;280000;KR;1.6;123;13
838;Volkswagen;Polo    ;1150000;Astrakhan;gasoline;automatic;FWD;184000;DE;1.6;105;9
839;GAZ;69;210000;Irkutsk;gasoline;manual;4WD;45000;RUS;2.1;55;59
840;Mitsubishi;Lancer Cedia   ;320000;Astrakhan;gasoline;automatic;FWD;233000;JP;1.5;100;22
841;GAZ;69;230000;Tomsk;gasoline;manual;4WD;50000;RUS;2.1;55;57
842;Chevrolet;Cruze    ;1110000;Astrakhan;gasoline;automatic;FWD;90063;USA;1.4;153;6
843;Honda;Fit    ;390000;Astrakhan;gasoline;CVT;FWD;225546;JP;1.3;86;19
844;Kia;Cerato    ;575000;Astrakhan;gasoline;manual;FWD;152000;KR;1.6;105;18
845;Ravon;R2    ;960000;Astrakhan;gasoline;automatic;FWD;67000;UZ;1.2;86;7
846;Geely;Atlas    ;1999900;Astrakhan;gasoline;automatic;4WD;130894;CN;1.8;184;4
847;Hyundai;Santa Fe   ;2600000;Astrakhan;diesel;automatic;4WD;137256;KR;2.2;200;7
848;Toyota;Land Cruiser Prado  ;2560000;Astrakhan;diesel;automatic;4WD;287826;JP;3.0;173;12
849;Volkswagen;Passat CC   ;1300000;Astrakhan;gasoline;manual;FWD;265000;DE;1.8;152;12
850;Toyota;Estima    ;700000;Astrakhan;gasoline;automatic;4WD;189000;JP;2.4;160;20
851;GAZ;69;150000;Tomsk;gasoline;manual;4WD;35000;RUS;2.1;55;54
852;Ford;Mondeo    ;275000;Astrakhan;gasoline;manual;FWD;240000;USA;1.8;125;18
853;Volkswagen;Polo    ;950000;Astrakhan;gasoline;automatic;FWD;237000;DE;1.6;110;8
854;Nissan;Qashqai    ;1550000;Astrakhan;gasoline;CVT;FWD;251000;JP;1.6;117;11
855;Ford;Focus    ;430000;Astrakhan;gasoline;manual;FWD;322699;USA;2.0;145;19
856;Kia;Ceed    ;2550000;Astrakhan;gasoline;automatic;FWD;10999;KR;1.6;128;2
857;Honda;Shuttle    ;1350000;Astrakhan;gasoline;CVT;FWD;78665;JP;1.5;132;8
858;EXEED;LX    ;2680000;Astrakhan;gasoline;CVT;FWD;13453;CN;1.5;147;1
859;Hyundai;Elantra    ;2000000;Astrakhan;gasoline;automatic;FWD;48000;KR;2.0;150;4
860;Ford;Focus    ;890000;Astrakhan;gasoline;manual;FWD;258000;USA;1.6;125;12
861;Audi;A4    ;449000;Astrakhan;diesel;CVT;FWD;491502;DE;2.5;163;21
862;Kia;Sportage    ;2399000;Astrakhan;gasoline;automatic;FWD;77767;KR;2.0;150;7
863;Chevrolet;Spark    ;515000;Astrakhan;gasoline;automatic;FWD;129557;USA;0.8;51;17
864;BMW;5-Series    ;1950000;Astrakhan;gasoline;automatic;RWD;268000;DE;2.5;204;13
865;Kia;Seltos    ;2469000;Astrakhan;gasoline;CVT;FWD;48242;KR;2.0;149;4
866;GAZ;69;420000;Chita;diesel;manual;4WD;20000;RUS;2.7;120;63
867;Nissan;X-Trail    ;1200000;Astrakhan;gasoline;manual;4WD;227250;JP;2.5;169;17
868;GAZ;Volga Siber   ;449000;Voronezh;gasoline;automatic;FWD;170900;RUS;2.4;143;15
869;GAZ;Volga Siber   ;350000;Irkutsk;gasoline;automatic;FWD;340000;RUS;2.4;143;16
870;Hyundai;Creta    ;2050000;Astrakhan;gasoline;automatic;FWD;41000;KR;1.6;123;4
871;Mercedes-Benz;S-Class    ;6500000;Astrakhan;gasoline;automatic;RWD;144697;DE;3.0;367;6
872;Mitsubishi;Eclipse Cross   ;2590000;Astrakhan;gasoline;CVT;4WD;21;JP;1.5;150;2
873;GAZ;Volga Siber   ;330000;Irkutsk;gasoline;automatic;FWD;390000;RUS;2.4;143;16
874;Toyota;Avensis    ;777777;Astrakhan;gasoline;manual;FWD;235000;JP;1.8;129;20
875;GAZ;Volga Siber   ;350000;Irkutsk;gasoline;manual;FWD;280000;RUS;2.4;143;14
876;Hyundai;Creta    ;1850000;Astrakhan;gasoline;automatic;FWD;33000;KR;1.6;123;5
877;Opel;Omega    ;270000;Astrakhan;gasoline;manual;RWD;202000;DE;2.5;170;26
878;Hyundai;Solaris    ;815000;Astrakhan;gasoline;automatic;FWD;213582;KR;1.6;123;12
879;Mitsubishi;Mirage    ;285000;Astrakhan;gasoline;automatic;FWD;233000;JP;1.5;110;25
880;Kia;Morning    ;1550000;Astrakhan;gasoline;automatic;FWD;54000;KR;1.0;76;5
881;Opel;Insignia    ;935000;Astrakhan;gasoline;automatic;FWD;244000;DE;2.0;220;14
882;Kia;Cerato    ;609999;Astrakhan;gasoline;automatic;FWD;220000;KR;1.6;105;18
883;Renault;Logan    ;599990;Astrakhan;gasoline;manual;FWD;210000;FR;1.6;84;12
884;Renault;Logan    ;599900;Astrakhan;gasoline;automatic;FWD;150051;FR;1.6;103;12
885;Ford;Mondeo    ;450000;Astrakhan;gasoline;automatic;FWD;195000;USA;2.0;145;18
886;Volkswagen;Passat CC   ;1200000;Astrakhan;gasoline;robot;FWD;151000;DE;1.8;160;14
887;GAZ;Volga Siber   ;435000;Makhachkala;gasoline;automatic;FWD;320000;RUS;2.4;143;16
888;Hyundai;Palisade    ;4350000;Astrakhan;diesel;automatic;FWD;40000;KR;2.2;202;5
889;Ford;Focus    ;820000;Astrakhan;gasoline;automatic;FWD;204257;USA;1.6;100;16
890;Kia;Sportage    ;300000;Astrakhan;gasoline;automatic;4WD;330000;KR;2.0;128;26
891;Toyota;Avensis    ;1080000;Astrakhan;gasoline;automatic;FWD;156000;JP;2.0;147;18
892;Kia;Venga    ;910000;Astrakhan;gasoline;automatic;FWD;153000;KR;1.6;125;13
893;Kia;Magentis    ;330000;Astrakhan;gasoline;automatic;FWD;228320;KR;2.0;136;20
894;Nissan;Pathfinder    ;975000;Astrakhan;diesel;automatic;4WD;340000;JP;2.5;174;19
895;Kia;Forte    ;1355555;Astrakhan;gasoline;automatic;FWD;122000;KR;1.8;148;10
896;Kia;Rio    ;1320000;Astrakhan;gasoline;automatic;FWD;128000;KR;1.6;123;6
897;Changan;UNI-K    ;3599000;Astrakhan;gasoline;automatic;FWD;450;CN;2.0;232;1
898;GAZ;Volga Siber   ;485000;Omsk;gasoline;automatic;FWD;147000;RUS;2.4;143;14
899;Toyota;Voxy    ;1900000;Astrakhan;hybrid;CVT;FWD;150000;JP;1.8;99;10
900;Volkswagen;Tiguan    ;1310000;Astrakhan;gasoline;automatic;4WD;192000;DE;2.0;170;13
901;BMW;X3    ;4770000;Astrakhan;diesel;automatic;4WD;57000;DE;2.0;190;5
902;Hyundai;Solaris    ;1680000;Astrakhan;gasoline;automatic;FWD;50000;KR;1.6;123;5
903;Mercedes-Benz;E-Class    ;1810000;Astrakhan;gasoline;automatic;RWD;205000;DE;1.8;184;12
904;Toyota;4Runner    ;8100000;Astrakhan;gasoline;automatic;4WD;13000;JP;4.0;270;2
905;GAZ;Volga Siber   ;819900;Rostov-on-Don;gasoline;automatic;FWD;65000;RUS;2.4;143;14
906;GAZ;Volga Siber   ;819900;Rostov-on-Don;gasoline;automatic;FWD;65000;RUS;2.4;143;14
907;Geely;Emgrand    ;1729000;Astrakhan;gasoline;automatic;FWD;54512;CN;2.0;139;5
908;GAZ;Pobeda    ;160000;Samara;gasoline;manual;RWD;45000;RUS;2.1;50;70
909;Hyundai;Solaris    ;990000;Astrakhan;gasoline;manual;FWD;132896;KR;1.6;123;10
910;Honda;CR-V    ;1600000;Astrakhan;gasoline;automatic;4WD;350000;JP;2.4;190;11
911;Land Rover;Rover Range Rover Sport ;1800000;Astrakhan;gasoline;automatic;4WD;248878;UK;5.0;510;13
912;ZAZ;Vida    ;370000;Nizhny Novgorod;gasoline;manual;FWD;152000;RUS;1.5;109;12
913;Suzuki;SX4    ;1120000;Astrakhan;gasoline;automatic;FWD;70000;JP;1.6;112;14
914;Mitsubishi;Space Runner   ;165000;Astrakhan;gasoline;manual;FWD;312000;JP;1.8;122;31
915;Volvo;S40    ;790000;Astrakhan;gasoline;automatic;FWD;242000;SE;2.4;140;16
916;Renault;Kaptur    ;1699000;Astrakhan;gasoline;CVT;FWD;49119;FR;1.6;114;6
917;Kia;Sportage    ;1400000;Astrakhan;gasoline;automatic;FWD;209000;KR;2.0;150;12
918;Skoda;Fabia    ;600000;Astrakhan;gasoline;manual;FWD;238532;CZ;1.2;70;11
919;BMW;5-Series    ;2250000;Astrakhan;gasoline;automatic;RWD;274000;DE;2.0;245;12
920;Kia;Ceed    ;1679000;Astrakhan;gasoline;automatic;FWD;50833;KR;1.6;130;7
921;Kia;Optima    ;2390000;Astrakhan;gasoline;automatic;FWD;118000;KR;2.0;245;6
922;Chevrolet;Monza    ;2200000;Astrakhan;gasoline;robot;FWD;31;USA;1.5;113;1
923;Renault;Duster    ;1899000;Astrakhan;diesel;manual;4WD;47428;FR;1.5;109;4
924;Hyundai;Elantra    ;2419000;Astrakhan;gasoline;automatic;FWD;21475;KR;1.6;128;2
925;Li;L9    ;7650000;Astrakhan;hybrid;automatic;4WD;18;CN;1.5;450;1
926;Geely;Boyue Cool   ;2950000;Astrakhan;gasoline;automatic;FWD;50;CN;1.5;181;1
927;Geely;Boyue Cool   ;2950000;Astrakhan;gasoline;automatic;FWD;50;CN;1.5;181;1
928;Land Rover;Rover Range Rover  ;4650000;Astrakhan;diesel;automatic;4WD;182000;UK;3.0;249;9
929;Changan;UNI-K    ;3800000;Astrakhan;gasoline;automatic;4WD;50;CN;2.0;232;1
930;Mitsubishi;Outlander    ;3020000;Astrakhan;gasoline;CVT;FWD;64;JP;2.0;146;2
931;Toyota;Veloz    ;3590000;Astrakhan;gasoline;CVT;FWD;70;JP;1.5;105;1
932;Toyota;Veloz    ;3590000;Astrakhan;gasoline;CVT;FWD;70;JP;1.5;105;1
933;Toyota;Fortuner    ;5300000;Astrakhan;diesel;automatic;4WD;1000;JP;2.4;147;2
934;Kia;Ceed    ;1799990;Astrakhan;gasoline;automatic;FWD;60964;KR;1.6;130;8
935;Ford;Focus    ;800000;Astrakhan;gasoline;automatic;FWD;82000;USA;2.0;140;17
936;Nissan;Almera    ;750000;Astrakhan;gasoline;manual;FWD;118000;JP;1.6;102;7
937;Renault;Sandero Stepway   ;1369000;Astrakhan;gasoline;manual;FWD;47631;FR;1.6;82;5
938;Suzuki;Baleno    ;2190000;Astrakhan;gasoline;automatic;FWD;30;JP;1.5;103;1
939;Toyota;Camry    ;4550000;Astrakhan;gasoline;automatic;FWD;100;JP;2.5;206;1
940;Suzuki;Baleno    ;2190000;Astrakhan;gasoline;automatic;FWD;30;JP;1.5;103;1
941;Kia;Rio    ;820000;Astrakhan;gasoline;automatic;FWD;213729;KR;1.4;107;13
942;Daewoo;Matiz    ;249900;Astrakhan;gasoline;manual;FWD;154000;KR;0.8;51;18
943;Hyundai;Elantra    ;850000;Astrakhan;gasoline;automatic;FWD;191587;KR;1.6;122;15
944;ZAZ;Vida    ;685000;Chita;gasoline;manual;FWD;40000;RUS;1.5;109;11
945;Skoda;Octavia    ;999000;Astrakhan;gasoline;robot;FWD;245000;CZ;1.2;105;10
946;Daewoo;Nexia    ;320000;Astrakhan;gasoline;manual;FWD;57000;KR;1.6;109;12
947;BMW;3-Series    ;1350000;Astrakhan;gasoline;automatic;RWD;200000;DE;1.6;136;11
948;Volkswagen;Golf Plus   ;980000;Astrakhan;gasoline;manual;FWD;138000;DE;1.6;102;12
949;Geely;Emgrand    ;1830000;Astrakhan;gasoline;automatic;FWD;37237;CN;2.0;138;5
950;Peugeot;308;510000;Astrakhan;gasoline;manual;FWD;169000;FR;1.6;120;16
951;Toyota;Land Cruiser   ;15708000;Astrakhan;diesel;automatic;4WD;16;JP;3.3;299;1
952;Lexus;RX500h    ;12250000;Astrakhan;hybrid;automatic;4WD;16;JP;2.4;371;1
953;BMW;X6    ;10650000;Astrakhan;diesel;automatic;4WD;13200;DE;3.0;249;4
954;Hyundai;Matrix    ;750000;Astrakhan;gasoline;automatic;FWD;186000;KR;1.6;103;16
955;Toyota;Camry    ;5150000;Astrakhan;gasoline;automatic;FWD;20;JP;2.5;204;1
956;Toyota;Camry    ;5150000;Astrakhan;gasoline;automatic;FWD;12;JP;2.5;207;1
957;Toyota;Camry    ;5150000;Astrakhan;gasoline;automatic;FWD;13;JP;2.5;207;1
958;Toyota;Sienta    ;1505000;Astrakhan;gasoline;CVT;FWD;91000;JP;1.5;109;8
959;Renault;Logan Stepway   ;1400000;Astrakhan;gasoline;manual;FWD;44600;FR;1.6;113;5
960;Datsun;on-DO    ;758800;Astrakhan;gasoline;manual;FWD;71000;JP;1.6;87;4
961;Kia;Sportage    ;1550000;Astrakhan;gasoline;automatic;4WD;143000;KR;2.0;150;12
962;ZAZ;Zaporozhets    ;49999;Yekaterinburg;gasoline;manual;RWD;111000;RUS;1.2;42;46
963;ZAZ;Zaporozhets    ;50000;Irkutsk;gasoline;manual;RWD;13000;RUS;1.2;45;34
964;Toyota;Camry    ;4500000;Astrakhan;gasoline;automatic;FWD;70;JP;3.5;301;2
965;Hyundai;ix35    ;1815000;Astrakhan;gasoline;automatic;4WD;135000;KR;2.0;150;9
966;Toyota;Camry    ;800000;Astrakhan;gasoline;manual;FWD;190000;JP;2.4;152;20
967;Volkswagen;Passat CC   ;1349000;Astrakhan;gasoline;robot;FWD;210600;DE;1.8;152;15
968;Lexus;ES250    ;4350000;Astrakhan;gasoline;automatic;FWD;107000;JP;2.5;200;4
969;Volkswagen;Passat CC   ;975000;Astrakhan;gasoline;manual;FWD;211000;DE;1.8;152;13
970;Mazda;Demio    ;160000;Astrakhan;gasoline;automatic;FWD;250000;JP;1.3;83;26
971;Renault;Logan    ;560000;Astrakhan;gasoline;manual;FWD;186963;FR;1.4;75;9
972;Geely;Emgrand X7   ;750000;Astrakhan;gasoline;manual;FWD;103000;CN;2.0;139;10
973;Hyundai;Accent    ;450000;Astrakhan;gasoline;automatic;FWD;176964;KR;1.5;102;17
974;Peugeot;408;870000;Astrakhan;gasoline;manual;FWD;134687;FR;1.6;110;11
975;Nissan;Almera    ;899000;Astrakhan;gasoline;manual;FWD;57151;JP;1.6;102;10
976;ZAZ;Zaporozhets    ;30000;Chita;gasoline;manual;RWD;100;RUS;1.2;41;46
977;ZAZ;Sens    ;200000;Astrakhan;gasoline;manual;FWD;118000;RUS;1.3;70;13
978;Honda;Fit    ;450000;Astrakhan;gasoline;CVT;FWD;240000;JP;1.3;86;22
979;Nissan;Juke    ;1284900;Astrakhan;gasoline;CVT;FWD;110308;JP;1.6;117;12
980;Ford;Focus    ;835000;Astrakhan;gasoline;robot;FWD;134501;USA;1.6;105;11
981;Renault;Logan Stepway   ;925000;Astrakhan;gasoline;manual;FWD;90912;FR;1.6;82;4
982;Haval;F7    ;2850000;Astrakhan;gasoline;robot;4WD;16635;CN;2.0;190;3
983;Honda;Civic    ;240000;Astrakhan;gasoline;automatic;FWD;170000;JP;1.6;106;24
984;Hyundai;Elantra    ;1669900;Astrakhan;gasoline;automatic;FWD;25295;KR;2.0;150;6
985;ZAZ;Sens    ;120000;Nizhny Novgorod;gasoline;manual;FWD;101000;RUS;1.3;70;15
986;ZAZ;Sens    ;210000;Nizhny Novgorod;gasoline;manual;FWD;70000;RUS;1.3;70;17
987;ZAZ;Sens    ;190000;Nizhny Novgorod;gasoline;manual;FWD;170875;RUS;1.3;65;16
988;Nissan;Sunny    ;205000;Astrakhan;gasoline;automatic;FWD;240000;JP;1.5;105;25
989;Toyota;Ipsum    ;1100000;Astrakhan;gasoline;automatic;FWD;170354;JP;2.4;160;22
990;Honda;Fit    ;1400000;Astrakhan;gasoline;CVT;FWD;68000;JP;1.3;100;5
991;Kia;Picanto    ;1360000;Astrakhan;gasoline;automatic;FWD;100000;KR;1.2;84;7
992;SsangYong;Kyron    ;1100000;Astrakhan;diesel;manual;4WD;91300;KR ;2.0;141;13
993;Hyundai;Sonata    ;1500000;Astrakhan;gasoline;automatic;FWD;122118;KR;2.4;190;11
994;Hyundai;Solaris    ;1625000;Astrakhan;gasoline;automatic;FWD;51981;KR;1.6;123;6
995;Dodge;Caliber    ;720000;Astrakhan;gasoline;CVT;FWD;300000;USA;2.0;156;17
996;Chevrolet;Cruze    ;840000;Astrakhan;gasoline;manual;FWD;230000;USA;1.6;109;14
997;ZAZ;Sens    ;150000;Omsk;gasoline;manual;FWD;116000;RUS;1.3;70;16
998;Toyota;Camry    ;1700000;Astrakhan;gasoline;automatic;FWD;119000;JP;2.0;148;12
999;Hyundai;Creta    ;1305000;Astrakhan;gasoline;manual;FWD;168100;KR;1.6;123;8
1000;ZAZ;Sens    ;128900;Samara;gasoline;manual;FWD;102777;RUS;1.3;70;17
